user_id,item_id,interaction
1,3,1
1,6,1
1,47,1
1,50,1
1,70,1
1,101,1
1,110,1
1,151,1
1,157,1
1,163,1
1,216,1
1,223,1
1,231,1
1,235,1
1,260,1
1,296,1
1,316,1
1,333,1
1,349,1
1,356,1
1,362,1
1,367,1
1,423,1
1,441,1
1,457,1
1,480,1
1,500,1
1,527,1
1,543,1
1,552,1
1,553,1
1,590,1
1,592,1
1,593,1
1,596,1
1,608,1
1,648,1
1,661,1
1,673,1
1,733,1
1,736,1
1,780,1
1,804,1
1,919,1
1,923,1
1,940,1
1,943,1
1,954,1
1,1009,1
1,1023,1
1,1024,1
1,1025,1
1,1029,1
1,1030,1
1,1031,1
1,1032,1
1,1042,1
1,1049,1
1,1060,1
1,1073,1
1,1080,1
1,1089,1
1,1090,1
1,1092,1
1,1097,1
1,1127,1
1,1136,1
1,1196,1
1,1197,1
1,1198,1
1,1206,1
1,1208,1
1,1210,1
1,1213,1
1,1214,1
1,1219,1
1,1220,1
1,1222,1
1,1224,1
1,1226,1
1,1240,1
1,1256,1
1,1258,1
1,1265,1
1,1270,1
1,1275,1
1,1278,1
1,1282,1
1,1291,1
1,1298,1
1,1348,1
1,1377,1
1,1396,1
1,1408,1
1,1445,1
1,1473,1
1,1500,1
1,1517,1
1,1552,1
1,1573,1
1,1580,1
1,1587,1
1,1617,1
1,1620,1
1,1625,1
1,1644,1
1,1676,1
1,1732,1
1,1777,1
1,1793,1
1,1804,1
1,1805,1
1,1920,1
1,1927,1
1,1954,1
1,1967,1
1,2000,1
1,2005,1
1,2012,1
1,2018,1
1,2028,1
1,2033,1
1,2046,1
1,2048,1
1,2054,1
1,2058,1
1,2078,1
1,2090,1
1,2093,1
1,2094,1
1,2096,1
1,2099,1
1,2105,1
1,2115,1
1,2116,1
1,2137,1
1,2139,1
1,2141,1
1,2143,1
1,2161,1
1,2174,1
1,2193,1
1,2253,1
1,2268,1
1,2273,1
1,2291,1
1,2329,1
1,2338,1
1,2353,1
1,2366,1
1,2387,1
1,2389,1
1,2395,1
1,2406,1
1,2414,1
1,2427,1
1,2450,1
1,2459,1
1,2470,1
1,2478,1
1,2492,1
1,2502,1
1,2528,1
1,2529,1
1,2542,1
1,2571,1
1,2580,1
1,2596,1
1,2616,1
1,2617,1
1,2628,1
1,2640,1
1,2641,1
1,2644,1
1,2648,1
1,2654,1
1,2657,1
1,2692,1
1,2700,1
1,2716,1
1,2761,1
1,2797,1
1,2826,1
1,2858,1
1,2872,1
1,2899,1
1,2916,1
1,2944,1
1,2947,1
1,2948,1
1,2949,1
1,2959,1
1,2985,1
1,2987,1
1,2991,1
1,2993,1
1,2997,1
1,3033,1
1,3034,1
1,3052,1
1,3053,1
1,3062,1
1,3147,1
1,3168,1
1,3176,1
1,3243,1
1,3247,1
1,3253,1
1,3273,1
1,3386,1
1,3439,1
1,3440,1
1,3441,1
1,3448,1
1,3450,1
1,3479,1
1,3489,1
1,3527,1
1,3578,1
1,3617,1
1,3639,1
1,3671,1
1,3702,1
1,3703,1
1,3729,1
1,3740,1
1,3744,1
1,3793,1
1,3809,1
1,4006,1
1,5060,1
2,318,1
2,333,1
2,1704,1
2,3578,1
2,6874,1
2,8798,1
2,46970,1
2,48516,1
2,58559,1
2,60756,1
2,68157,1
2,71535,1
2,74458,1
2,77455,1
2,79132,1
2,80489,1
2,80906,1
2,86345,1
2,89774,1
2,91529,1
2,91658,1
2,99114,1
2,106782,1
2,109487,1
2,112552,1
2,114060,1
2,115713,1
2,122882,1
2,131724,1
3,31,1
3,527,1
3,647,1
3,688,1
3,720,1
3,849,1
3,914,1
3,1093,1
3,1124,1
3,1263,1
3,1272,1
3,1275,1
3,1302,1
3,1371,1
3,1587,1
3,2018,1
3,2080,1
3,2090,1
3,2105,1
3,2288,1
3,2424,1
3,2851,1
3,3024,1
3,3210,1
3,3703,1
3,3949,1
3,4518,1
3,5048,1
3,5181,1
3,5746,1
3,5764,1
3,5919,1
3,6238,1
3,6835,1
3,7899,1
3,7991,1
3,26409,1
3,70946,1
3,72378,1
4,21,1
4,32,1
4,45,1
4,47,1
4,52,1
4,58,1
4,106,1
4,125,1
4,126,1
4,162,1
4,171,1
4,176,1
4,190,1
4,215,1
4,222,1
4,232,1
4,235,1
4,247,1
4,260,1
4,265,1
4,296,1
4,319,1
4,342,1
4,345,1
4,348,1
4,351,1
4,357,1
4,368,1
4,417,1
4,441,1
4,450,1
4,457,1
4,475,1
4,492,1
4,509,1
4,538,1
4,539,1
4,553,1
4,588,1
4,593,1
4,595,1
4,599,1
4,608,1
4,648,1
4,708,1
4,759,1
4,800,1
4,892,1
4,898,1
4,899,1
4,902,1
4,904,1
4,908,1
4,910,1
4,912,1
4,914,1
4,919,1
4,920,1
4,930,1
4,937,1
4,1025,1
4,1046,1
4,1057,1
4,1060,1
4,1073,1
4,1077,1
4,1079,1
4,1080,1
4,1084,1
4,1086,1
4,1094,1
4,1103,1
4,1136,1
4,1179,1
4,1183,1
4,1188,1
4,1196,1
4,1197,1
4,1198,1
4,1199,1
4,1203,1
4,1211,1
4,1213,1
4,1219,1
4,1225,1
4,1250,1
4,1259,1
4,1265,1
4,1266,1
4,1279,1
4,1282,1
4,1283,1
4,1288,1
4,1291,1
4,1304,1
4,1391,1
4,1449,1
4,1466,1
4,1500,1
4,1517,1
4,1580,1
4,1597,1
4,1617,1
4,1641,1
4,1704,1
4,1719,1
4,1732,1
4,1733,1
4,1734,1
4,1834,1
4,1860,1
4,1883,1
4,1885,1
4,1892,1
4,1895,1
4,1907,1
4,1914,1
4,1916,1
4,1923,1
4,1947,1
4,1966,1
4,1967,1
4,1968,1
4,2019,1
4,2076,1
4,2078,1
4,2109,1
4,2145,1
4,2150,1
4,2174,1
4,2186,1
4,2203,1
4,2204,1
4,2282,1
4,2324,1
4,2336,1
4,2351,1
4,2359,1
4,2390,1
4,2395,1
4,2406,1
4,2467,1
4,2571,1
4,2583,1
4,2599,1
4,2628,1
4,2683,1
4,2692,1
4,2712,1
4,2762,1
4,2763,1
4,2770,1
4,2791,1
4,2843,1
4,2858,1
4,2874,1
4,2921,1
4,2926,1
4,2959,1
4,2973,1
4,2997,1
4,3033,1
4,3044,1
4,3060,1
4,3079,1
4,3083,1
4,3160,1
4,3175,1
4,3176,1
4,3204,1
4,3255,1
4,3317,1
4,3358,1
4,3365,1
4,3386,1
4,3408,1
4,3481,1
4,3489,1
4,3508,1
4,3538,1
4,3591,1
4,3788,1
4,3809,1
4,3851,1
4,3897,1
4,3911,1
4,3967,1
4,3996,1
4,4002,1
4,4014,1
4,4020,1
4,4021,1
4,4027,1
4,4029,1
4,4033,1
4,4034,1
4,4074,1
4,4121,1
4,4144,1
4,4166,1
4,4226,1
4,4239,1
4,4246,1
4,4252,1
4,4260,1
4,4273,1
4,4308,1
4,4347,1
4,4381,1
4,4641,1
4,4741,1
4,4765,1
4,4881,1
4,4896,1
4,4902,1
4,4967,1
5,1,1
5,21,1
5,34,1
5,36,1
5,39,1
5,50,1
5,58,1
5,110,1
5,150,1
5,153,1
5,232,1
5,247,1
5,253,1
5,261,1
5,265,1
5,266,1
5,290,1
5,296,1
5,300,1
5,316,1
5,318,1
5,344,1
5,349,1
5,357,1
5,364,1
5,367,1
5,380,1
5,410,1
5,457,1
5,474,1
5,475,1
5,515,1
5,527,1
5,531,1
5,534,1
5,588,1
5,589,1
5,590,1
5,592,1
5,594,1
5,595,1
5,596,1
5,597,1
5,608,1
6,2,1
6,3,1
6,4,1
6,5,1
6,6,1
6,7,1
6,8,1
6,10,1
6,11,1
6,13,1
6,15,1
6,16,1
6,17,1
6,19,1
6,21,1
6,22,1
6,24,1
6,25,1
6,26,1
6,27,1
6,31,1
6,32,1
6,34,1
6,36,1
6,41,1
6,43,1
6,45,1
6,46,1
6,47,1
6,50,1
6,54,1
6,60,1
6,61,1
6,62,1
6,65,1
6,66,1
6,76,1
6,79,1
6,86,1
6,87,1
6,88,1
6,89,1
6,92,1
6,93,1
6,95,1
6,100,1
6,102,1
6,104,1
6,105,1
6,110,1
6,112,1
6,113,1
6,126,1
6,135,1
6,140,1
6,141,1
6,145,1
6,146,1
6,150,1
6,151,1
6,153,1
6,158,1
6,159,1
6,160,1
6,161,1
6,163,1
6,165,1
6,168,1
6,170,1
6,171,1
6,174,1
6,177,1
6,179,1
6,180,1
6,181,1
6,185,1
6,186,1
6,189,1
6,191,1
6,195,1
6,196,1
6,201,1
6,204,1
6,205,1
6,207,1
6,208,1
6,209,1
6,210,1
6,212,1
6,216,1
6,217,1
6,218,1
6,219,1
6,222,1
6,224,1
6,225,1
6,230,1
6,231,1
6,234,1
6,236,1
6,237,1
6,239,1
6,240,1
6,243,1
6,248,1
6,250,1
6,251,1
6,252,1
6,253,1
6,254,1
6,256,1
6,257,1
6,258,1
6,261,1
6,262,1
6,265,1
6,266,1
6,267,1
6,270,1
6,271,1
6,273,1
6,274,1
6,276,1
6,277,1
6,279,1
6,281,1
6,282,1
6,288,1
6,289,1
6,291,1
6,292,1
6,293,1
6,296,1
6,302,1
6,303,1
6,304,1
6,310,1
6,312,1
6,313,1
6,314,1
6,315,1
6,316,1
6,317,1
6,318,1
6,327,1
6,329,1
6,330,1
6,332,1
6,333,1
6,336,1
6,337,1
6,339,1
6,340,1
6,342,1
6,343,1
6,344,1
6,347,1
6,348,1
6,349,1
6,350,1
6,351,1
6,352,1
6,353,1
6,354,1
6,355,1
6,356,1
6,357,1
6,358,1
6,359,1
6,360,1
6,361,1
6,362,1
6,364,1
6,366,1
6,367,1
6,368,1
6,370,1
6,371,1
6,374,1
6,377,1
6,378,1
6,380,1
6,381,1
6,382,1
6,383,1
6,405,1
6,410,1
6,412,1
6,415,1
6,416,1
6,419,1
6,426,1
6,432,1
6,434,1
6,435,1
6,437,1
6,440,1
6,445,1
6,450,1
6,454,1
6,455,1
6,457,1
6,458,1
6,460,1
6,466,1
6,468,1
6,469,1
6,472,1
6,474,1
6,475,1
6,477,1
6,480,1
6,485,1
6,489,1
6,490,1
6,491,1
6,493,1
6,494,1
6,497,1
6,500,1
6,502,1
6,505,1
6,508,1
6,509,1
6,510,1
6,515,1
6,516,1
6,520,1
6,524,1
6,527,1
6,531,1
6,532,1
6,536,1
6,537,1
6,539,1
6,540,1
6,542,1
6,543,1
6,546,1
6,548,1
6,552,1
6,553,1
6,569,1
6,575,1
6,587,1
6,588,1
6,589,1
6,590,1
6,592,1
6,593,1
6,594,1
6,595,1
6,596,1
6,597,1
6,606,1
6,608,1
6,609,1
6,616,1
6,628,1
6,631,1
6,637,1
6,640,1
6,647,1
6,662,1
6,667,1
6,694,1
6,697,1
6,700,1
6,704,1
6,708,1
6,709,1
6,710,1
6,711,1
6,719,1
6,736,1
6,747,1
6,762,1
6,765,1
6,775,1
6,780,1
6,783,1
6,795,1
6,799,1
6,801,1
6,802,1
6,818,1
6,830,1
6,835,1
6,837,1
6,838,1
6,839,1
6,842,1
6,848,1
6,852,1
6,867,1
6,880,1
6,881,1
6,888,1
6,891,1
6,979,1
6,981,1
6,986,1
6,991,1
6,996,1
6,999,1
6,1004,1
6,1006,1
6,1042,1
6,1049,1
6,1061,1
6,1064,1
6,1073,1
6,1082,1
6,1084,1
7,1,1
7,50,1
7,58,1
7,150,1
7,165,1
7,260,1
7,356,1
7,380,1
7,466,1
7,480,1
7,587,1
7,588,1
7,589,1
7,592,1
7,593,1
7,595,1
7,648,1
7,750,1
7,780,1
7,920,1
7,924,1
7,1101,1
7,1183,1
7,1196,1
7,1208,1
7,1210,1
7,1219,1
7,1220,1
7,1240,1
7,1246,1
7,1270,1
7,1517,1
7,1584,1
7,1610,1
7,1617,1
7,1682,1
7,1784,1
7,1917,1
7,1923,1
7,1954,1
7,2019,1
7,2324,1
7,2353,1
7,2529,1
7,2628,1
7,2640,1
7,2671,1
7,2683,1
7,2688,1
7,2701,1
7,2717,1
7,2762,1
7,2858,1
7,3114,1
7,3354,1
7,3408,1
7,3578,1
7,3623,1
7,3793,1
7,3869,1
7,3916,1
7,3977,1
7,3994,1
7,4018,1
7,4223,1
7,4246,1
7,4306,1
7,4310,1
7,4370,1
7,4643,1
7,4700,1
7,4844,1
7,4874,1
7,4886,1
7,4896,1
7,4963,1
7,4993,1
7,4995,1
7,5218,1
7,5349,1
7,5378,1
7,5445,1
7,5459,1
7,5464,1
7,5502,1
7,5618,1
7,5816,1
7,5952,1
7,5989,1
7,5991,1
7,6333,1
7,6365,1
7,6534,1
7,6539,1
7,6863,1
7,6934,1
7,7143,1
7,7153,1
7,7155,1
7,7445,1
7,8207,1
7,8360,1
7,8368,1
7,8373,1
7,8528,1
7,8636,1
7,8665,1
7,8666,1
7,8783,1
7,8798,1
7,8808,1
7,8865,1
7,8870,1
7,8907,1
7,8908,1
7,8949,1
7,8957,1
7,8958,1
7,8961,1
7,8965,1
7,8970,1
7,8972,1
7,8984,1
7,27741,1
7,30812,1
7,30816,1
7,31878,1
7,32029,1
7,32031,1
7,32296,1
7,32587,1
7,33162,1
7,33493,1
7,33794,1
7,33836,1
7,34048,1
7,34319,1
7,37741,1
7,38388,1
7,42002,1
7,45499,1
7,45517,1
7,45668,1
7,45730,1
7,46530,1
7,48516,1
7,48783,1
7,48997,1
7,49272,1
7,49278,1
7,49286,1
7,49824,1
8,2,1
8,10,1
8,11,1
8,21,1
8,32,1
8,34,1
8,39,1
8,47,1
8,50,1
8,110,1
8,141,1
8,150,1
8,153,1
8,185,1
8,186,1
8,208,1
8,231,1
8,235,1
8,236,1
8,252,1
8,253,1
8,282,1
8,292,1
8,296,1
8,317,1
8,318,1
8,339,1
8,356,1
8,357,1
8,364,1
8,367,1
8,377,1
8,380,1
8,432,1
8,440,1
8,454,1
8,457,1
8,480,1
8,500,1
8,527,1
8,539,1
8,586,1
8,587,1
8,590,1
8,592,1
8,593,1
8,597,1
9,41,1
9,187,1
9,223,1
9,371,1
9,627,1
9,922,1
9,923,1
9,1037,1
9,1095,1
9,1198,1
9,1270,1
9,1674,1
9,1987,1
9,2011,1
9,2012,1
9,2023,1
9,2300,1
9,2877,1
9,2901,1
9,3173,1
9,3328,1
9,3735,1
9,4131,1
9,4558,1
9,4993,1
9,5218,1
9,5378,1
9,5445,1
9,5447,1
9,5451,1
9,5481,1
9,5507,1
9,5841,1
9,5843,1
9,5872,1
9,5890,1
9,5891,1
9,5893,1
9,5902,1
9,5952,1
9,5956,1
9,5962,1
9,5965,1
9,5988,1
9,6001,1
9,6044,1
10,296,1
10,356,1
10,588,1
10,597,1
10,912,1
10,1028,1
10,1088,1
10,1247,1
10,1307,1
10,1784,1
10,1907,1
10,2571,1
10,2671,1
10,2762,1
10,2858,1
10,2959,1
10,3578,1
10,3882,1
10,4246,1
10,4306,1
10,4447,1
10,4993,1
10,4995,1
10,5066,1
10,5377,1
10,5620,1
10,5943,1
10,5952,1
10,5957,1
10,6155,1
10,6266,1
10,6377,1
10,6535,1
10,6942,1
10,7149,1
10,7151,1
10,7153,1
10,7154,1
10,7169,1
10,7293,1
10,7375,1
10,7451,1
10,7458,1
10,8529,1
10,8533,1
10,8636,1
10,8665,1
10,8808,1
10,8869,1
10,8961,1
10,8969,1
10,8970,1
10,30749,1
10,31433,1
10,31685,1
10,33145,1
10,33679,1
10,33794,1
10,40629,1
10,40819,1
10,41285,1
10,47099,1
10,49272,1
10,49286,1
10,51662,1
10,51705,1
10,51834,1
10,54286,1
10,56367,1
10,56949,1
10,58047,1
10,58559,1
10,59333,1
10,59421,1
10,60397,1
10,60950,1
10,61250,1
10,63113,1
10,63992,1
10,64969,1
10,66203,1
10,68954,1
10,69406,1
10,69844,1
10,70183,1
10,70293,1
10,71579,1
10,72011,1
10,72330,1
10,72407,1
10,72720,1
10,72737,1
10,72998,1
10,73017,1
10,74450,1
10,77841,1
10,78772,1
10,79091,1
10,80549,1
10,81784,1
10,81845,1
10,81847,1
10,82167,1
10,82499,1
10,84374,1
10,86548,1
10,87222,1
10,88163,1
10,88810,1
10,91104,1
10,91529,1
10,92259,1
10,94070,1
10,95167,1
10,95449,1
10,95510,1
10,95543,1
10,96079,1
10,97024,1
10,97938,1
10,98203,1
10,103335,1
10,103339,1
10,104374,1
10,105211,1
10,106489,1
10,106696,1
10,106782,1
10,107141,1
10,109374,1
10,109487,1
10,109853,1
10,112006,1
10,113275,1
10,113394,1
10,119145,1
10,129428,1
10,136020,1
10,137595,1
10,140110,1
11,6,1
11,10,1
11,36,1
11,44,1
11,95,1
11,110,1
11,150,1
11,153,1
11,165,1
11,170,1
11,208,1
11,292,1
11,318,1
11,349,1
11,356,1
11,368,1
11,376,1
11,377,1
11,380,1
11,434,1
11,457,1
11,466,1
11,474,1
11,480,1
11,493,1
11,511,1
11,529,1
11,589,1
11,593,1
11,648,1
11,733,1
11,736,1
11,780,1
11,1100,1
11,1101,1
11,1210,1
11,1358,1
11,1370,1
11,1385,1
11,1391,1
11,1408,1
11,1438,1
11,1518,1
11,1552,1
11,1573,1
11,1584,1
11,1586,1
11,1597,1
11,1604,1
11,1608,1
11,1616,1
11,1687,1
11,1693,1
11,1704,1
11,1721,1
11,1784,1
11,1840,1
11,1882,1
11,1917,1
11,1918,1
11,1923,1
11,2002,1
11,2027,1
11,2028,1
12,39,1
12,168,1
12,222,1
12,256,1
12,261,1
12,277,1
12,357,1
12,543,1
12,830,1
12,838,1
12,920,1
12,1265,1
12,1357,1
12,1405,1
12,1721,1
12,1876,1
12,2072,1
12,2100,1
12,2421,1
12,2485,1
12,2572,1
12,2581,1
12,2694,1
12,2717,1
12,3668,1
12,3967,1
12,4018,1
12,5620,1
12,6942,1
12,8533,1
12,40629,1
12,63992,1
13,47,1
13,305,1
13,597,1
13,1173,1
13,1198,1
13,1590,1
13,1619,1
13,1639,1
13,1721,1
13,2145,1
13,2174,1
13,2541,1
13,2571,1
13,3300,1
13,3409,1
13,3513,1
13,3578,1
13,3624,1
13,3717,1
13,3753,1
13,3793,1
13,3798,1
13,3827,1
13,3863,1
13,3893,1
13,3897,1
13,3952,1
13,3977,1
13,3996,1
13,4011,1
13,4148,1
14,4,1
14,7,1
14,19,1
14,25,1
14,32,1
14,39,1
14,47,1
14,95,1
14,105,1
14,110,1
14,150,1
14,153,1
14,193,1
14,231,1
14,266,1
14,282,1
14,288,1
14,296,1
14,318,1
14,337,1
14,339,1
14,344,1
14,351,1
14,356,1
14,367,1
14,376,1
14,377,1
14,383,1
14,434,1
14,448,1
14,455,1
14,477,1
14,480,1
14,491,1
14,508,1
14,509,1
14,524,1
14,527,1
14,539,1
14,540,1
14,552,1
14,553,1
14,586,1
14,590,1
14,592,1
14,593,1
14,597,1
14,784,1
15,1,1
15,44,1
15,47,1
15,158,1
15,172,1
15,256,1
15,260,1
15,293,1
15,296,1
15,318,1
15,355,1
15,356,1
15,364,1
15,527,1
15,588,1
15,589,1
15,596,1
15,780,1
15,849,1
15,858,1
15,1196,1
15,1198,1
15,1200,1
15,1210,1
15,1214,1
15,1240,1
15,1265,1
15,1270,1
15,1347,1
15,1527,1
15,1653,1
15,1909,1
15,2001,1
15,2011,1
15,2012,1
15,2028,1
15,2081,1
15,2085,1
15,2150,1
15,2278,1
15,2329,1
15,2571,1
15,2762,1
15,2858,1
15,2916,1
15,2959,1
15,3147,1
15,3156,1
15,3499,1
15,3510,1
15,3535,1
15,3555,1
15,3578,1
15,3617,1
15,3753,1
15,3949,1
15,3994,1
15,4018,1
15,4022,1
15,4226,1
15,4306,1
15,4370,1
15,4720,1
15,4886,1
15,4993,1
15,4995,1
15,5445,1
15,5618,1
15,5952,1
15,5971,1
15,5989,1
15,6377,1
15,6502,1
15,6874,1
15,7254,1
15,7438,1
15,8360,1
15,8644,1
15,8961,1
15,33493,1
15,48304,1
15,48774,1
15,48780,1
15,50872,1
15,56174,1
15,58559,1
15,59315,1
15,60069,1
15,63859,1
15,64614,1
15,68237,1
15,68954,1
15,69757,1
15,70286,1
15,71057,1
15,71264,1
15,72998,1
15,79132,1
15,84152,1
15,84954,1
15,85414,1
15,89745,1
15,91500,1
15,91529,1
15,94864,1
15,96610,1
15,97938,1
15,99114,1
15,101864,1
15,103249,1
15,104841,1
15,105504,1
15,109374,1
15,109487,1
15,110102,1
15,111759,1
15,112556,1
15,112852,1
15,115149,1
15,115713,1
15,120466,1
15,122882,1
15,122886,1
15,122904,1
15,122922,1
15,122924,1
15,134130,1
15,134853,1
15,143385,1
15,152077,1
15,152081,1
15,158872,1
15,160980,1
15,166528,1
15,166635,1
16,47,1
16,50,1
16,111,1
16,204,1
16,260,1
16,293,1
16,296,1
16,318,1
16,319,1
16,356,1
16,527,1
16,541,1
16,593,1
16,608,1
16,678,1
16,745,1
16,750,1
16,849,1
16,858,1
16,904,1
16,912,1
16,913,1
16,923,1
16,1089,1
16,1136,1
16,1147,1
16,1148,1
16,1186,1
16,1188,1
16,1193,1
16,1196,1
16,1197,1
16,1198,1
16,1199,1
16,1201,1
16,1203,1
16,1207,1
16,1208,1
16,1213,1
16,1214,1
16,1219,1
16,1222,1
16,1223,1
16,1230,1
16,1247,1
16,1252,1
16,1260,1
16,1261,1
16,1267,1
16,1276,1
16,1281,1
16,1299,1
16,1617,1
16,1680,1
16,1704,1
16,2019,1
16,2109,1
16,2329,1
16,2427,1
16,2490,1
16,2571,1
16,2641,1
16,2707,1
16,2723,1
16,2762,1
16,2858,1
16,2959,1
16,3000,1
16,3022,1
16,3108,1
16,3174,1
16,3429,1
16,3683,1
16,3741,1
16,3949,1
16,4002,1
16,4011,1
16,4226,1
16,4878,1
16,4973,1
16,4993,1
16,5618,1
16,5782,1
16,5952,1
16,5971,1
16,6350,1
16,7099,1
16,7153,1
16,7361,1
16,27611,1
16,27773,1
16,48394,1
16,58559,1
16,60069,1
16,68954,1
16,78499,1
16,79132,1
16,91529,1
17,1,1
17,44,1
17,47,1
17,50,1
17,110,1
17,111,1
17,150,1
17,260,1
17,293,1
17,296,1
17,318,1
17,356,1
17,480,1
17,527,1
17,541,1
17,589,1
17,590,1
17,592,1
17,593,1
17,750,1
17,780,1
17,858,1
17,899,1
17,904,1
17,910,1
17,1032,1
17,1036,1
17,1089,1
17,1090,1
17,1093,1
17,1100,1
17,1193,1
17,1196,1
17,1197,1
17,1198,1
17,1201,1
17,1206,1
17,1209,1
17,1210,1
17,1213,1
17,1221,1
17,1222,1
17,1228,1
17,1234,1
17,1240,1
17,1252,1
17,1258,1
17,1259,1
17,1263,1
17,1270,1
17,1291,1
17,1358,1
17,1375,1
17,1405,1
17,1466,1
17,1732,1
17,1967,1
17,2005,1
17,2019,1
17,2028,1
17,2194,1
17,2329,1
17,2502,1
17,2571,1
17,2717,1
17,2762,1
17,2858,1
17,2959,1
17,3039,1
17,3147,1
17,3263,1
17,3435,1
17,3508,1
17,3681,1
17,3702,1
17,3949,1
17,4226,1
17,4571,1
17,4993,1
17,5618,1
17,5782,1
17,5952,1
17,5971,1
17,6016,1
17,6350,1
17,6870,1
17,7099,1
17,7153,1
17,7482,1
17,27773,1
17,31658,1
17,33794,1
17,48394,1
17,48516,1
17,58559,1
17,60069,1
17,64839,1
17,68157,1
17,68358,1
17,77455,1
17,78499,1
17,79132,1
17,80463,1
17,81932,1
17,82459,1
18,1,1
18,2,1
18,6,1
18,16,1
18,32,1
18,34,1
18,36,1
18,47,1
18,50,1
18,70,1
18,104,1
18,110,1
18,111,1
18,145,1
18,163,1
18,165,1
18,180,1
18,208,1
18,223,1
18,231,1
18,235,1
18,260,1
18,288,1
18,293,1
18,296,1
18,318,1
18,329,1
18,337,1
18,344,1
18,356,1
18,364,1
18,367,1
18,370,1
18,374,1
18,377,1
18,380,1
18,431,1
18,435,1
18,442,1
18,457,1
18,466,1
18,480,1
18,500,1
18,502,1
18,508,1
18,527,1
18,541,1
18,555,1
18,586,1
18,588,1
18,589,1
18,590,1
18,593,1
18,595,1
18,608,1
18,628,1
18,648,1
18,653,1
18,673,1
18,745,1
18,778,1
18,780,1
18,784,1
18,849,1
18,858,1
18,904,1
18,908,1
18,913,1
18,919,1
18,923,1
18,924,1
18,1020,1
18,1036,1
18,1059,1
18,1080,1
18,1086,1
18,1089,1
18,1095,1
18,1136,1
18,1148,1
18,1193,1
18,1196,1
18,1198,1
18,1201,1
18,1203,1
18,1206,1
18,1207,1
18,1208,1
18,1209,1
18,1210,1
18,1212,1
18,1213,1
18,1214,1
18,1219,1
18,1221,1
18,1222,1
18,1223,1
18,1227,1
18,1234,1
18,1240,1
18,1245,1
18,1246,1
18,1247,1
18,1252,1
18,1260,1
18,1270,1
18,1275,1
18,1276,1
18,1291,1
18,1356,1
18,1370,1
18,1371,1
18,1374,1
18,1375,1
18,1391,1
18,1466,1
18,1517,1
18,1527,1
18,1544,1
18,1580,1
18,1608,1
18,1617,1
18,1625,1
18,1653,1
18,1676,1
18,1682,1
18,1704,1
18,1721,1
18,1729,1
18,1732,1
18,1784,1
18,1805,1
18,1892,1
18,1917,1
18,1918,1
18,1924,1
18,1954,1
18,1961,1
18,2000,1
18,2001,1
18,2002,1
18,2011,1
18,2012,1
18,2019,1
18,2028,1
18,2058,1
18,2115,1
18,2184,1
18,2194,1
18,2268,1
18,2278,1
18,2291,1
18,2324,1
18,2329,1
18,2409,1
18,2410,1
18,2411,1
18,2412,1
18,2420,1
18,2421,1
18,2422,1
18,2470,1
18,2490,1
18,2542,1
18,2571,1
18,2683,1
18,2692,1
18,2706,1
18,2762,1
18,2918,1
18,2951,1
18,2953,1
18,2959,1
18,2997,1
18,3052,1
18,3081,1
18,3147,1
18,3253,1
18,3257,1
18,3275,1
18,3462,1
18,3578,1
18,3681,1
18,3702,1
18,3751,1
18,3785,1
18,3793,1
18,3896,1
18,3949,1
18,3994,1
18,4007,1
18,4011,1
18,4226,1
18,4239,1
18,4262,1
18,4306,1
18,4327,1
18,4383,1
18,4643,1
18,4728,1
18,4816,1
18,4886,1
18,4896,1
18,4963,1
18,4973,1
18,4993,1
18,4995,1
18,5008,1
18,5120,1
18,5218,1
18,5266,1
18,5349,1
18,5418,1
18,5445,1
18,5459,1
18,5464,1
18,5481,1
18,5574,1
18,5608,1
18,5669,1
18,5679,1
18,5816,1
18,5903,1
18,5944,1
18,5952,1
18,5956,1
18,5989,1
18,5995,1
18,6287,1
18,6300,1
18,6333,1
18,6365,1
18,6373,1
18,6377,1
18,6378,1
18,6440,1
18,6534,1
18,6539,1
18,6548,1
18,6709,1
18,6787,1
18,6807,1
18,6863,1
18,6870,1
18,6874,1
18,6888,1
18,6934,1
18,7018,1
18,7147,1
18,7153,1
18,7254,1
18,7293,1
18,7317,1
18,7318,1
18,7323,1
18,7361,1
18,7373,1
18,7438,1
18,7753,1
18,7843,1
18,8117,1
18,8360,1
18,8361,1
18,8368,1
18,8641,1
18,8644,1
18,8665,1
18,8784,1
18,8798,1
18,8917,1
18,8950,1
18,8957,1
18,8958,1
18,8961,1
18,8984,1
18,26444,1
18,26614,1
18,27689,1
18,27716,1
18,27773,1
18,27831,1
18,27878,1
18,30793,1
18,30812,1
18,31685,1
18,32460,1
18,32587,1
18,33004,1
18,33615,1
18,33794,1
18,34150,1
18,34405,1
18,36519,1
18,36529,1
18,37386,1
18,37729,1
18,37733,1
18,37741,1
18,38038,1
18,38061,1
18,40819,1
18,44022,1
18,44191,1
18,44199,1
18,44555,1
18,44665,1
18,45499,1
18,45517,1
18,45722,1
18,46578,1
18,46965,1
18,47200,1
18,47491,1
18,48394,1
18,48516,1
18,48780,1
18,49651,1
18,50872,1
18,51357,1
18,51540,1
18,51662,1
18,52604,1
18,53125,1
18,53129,1
18,53318,1
18,53464,1
18,53972,1
18,53996,1
18,54272,1
18,54286,1
18,55118,1
18,55247,1
18,55276,1
18,55290,1
18,55765,1
18,56757,1
18,57528,1
18,57640,1
18,57669,1
18,58295,1
18,58299,1
18,58559,1
18,59315,1
18,59615,1
18,59784,1
18,60040,1
18,60074,1
18,60684,1
18,60756,1
18,62434,1
18,63131,1
18,64197,1
18,64614,1
18,64839,1
18,64957,1
18,65596,1
18,66934,1
18,67255,1
18,68073,1
18,68157,1
18,68159,1
18,68319,1
18,68358,1
18,68954,1
18,69122,1
18,69640,1
18,69757,1
18,69951,1
18,70286,1
18,71108,1
18,71156,1
18,71899,1
18,72011,1
18,72378,1
18,72998,1
18,73017,1
18,73268,1
18,73321,1
18,73323,1
18,73499,1
18,74458,1
18,74510,1
18,74789,1
18,74948,1
18,76077,1
18,76175,1
18,76251,1
18,77561,1
18,78469,1
18,78499,1
18,79132,1
18,79293,1
18,79592,1
18,79695,1
18,79702,1
18,80219,1
18,80489,1
18,81788,1
18,83349,1
18,84392,1
18,85354,1
18,85414,1
18,86190,1
18,86332,1
18,86628,1
18,86880,1
18,87232,1
18,88094,1
18,88129,1
18,88140,1
18,89745,1
18,90600,1
18,91485,1
18,91500,1
18,91529,1
18,91542,1
18,91658,1
18,92094,1
18,95441,1
18,96432,1
18,96488,1
18,96610,1
18,96655,1
18,97752,1
18,97938,1
18,98124,1
18,98585,1
18,98809,1
18,99114,1
18,99728,1
18,99813,1
18,102125,1
18,102445,1
18,102903,1
18,103253,1
18,103772,1
18,104241,1
18,104879,1
18,106072,1
18,106487,1
18,106489,1
18,106782,1
18,106839,1
18,107846,1
18,109374,1
18,109487,1
18,110102,1
18,111362,1
18,111759,1
18,112183,1
18,112334,1
18,112421,1
18,112552,1
18,112852,1
18,114060,1
18,114066,1
18,115713,1
18,116797,1
18,116823,1
18,117176,1
18,118900,1
18,119145,1
18,122886,1
18,122892,1
18,122900,1
18,122904,1
18,122918,1
18,122920,1
18,122924,1
18,122926,1
18,128620,1
18,134130,1
18,134853,1
18,135569,1
18,139385,1
18,140289,1
18,141688,1
18,142488,1
18,144210,1
18,145283,1
18,148626,1
18,150548,1
18,155168,1
18,157108,1
18,157110,1
18,158238,1
18,158972,1
18,159093,1
18,160438,1
18,161582,1
18,162350,1
18,162606,1
18,164179,1
18,166015,1
18,166635,1
18,168252,1
18,171023,1
18,176101,1
18,177593,1
18,180095,1
18,180777,1
18,185135,1
19,1,1
19,2,1
19,3,1
19,7,1
19,10,1
19,12,1
19,13,1
19,15,1
19,19,1
19,32,1
19,34,1
19,44,1
19,47,1
19,48,1
19,54,1
19,64,1
19,65,1
19,70,1
19,87,1
19,92,1
19,102,1
19,104,1
19,107,1
19,118,1
19,135,1
19,141,1
19,153,1
19,158,1
19,161,1
19,165,1
19,170,1
19,173,1
19,185,1
19,186,1
19,196,1
19,208,1
19,216,1
19,223,1
19,231,1
19,235,1
19,252,1
19,253,1
19,256,1
19,258,1
19,260,1
19,273,1
19,289,1
19,291,1
19,293,1
19,295,1
19,316,1
19,319,1
19,325,1
19,328,1
19,329,1
19,330,1
19,332,1
19,333,1
19,338,1
19,339,1
19,344,1
19,348,1
19,350,1
19,351,1
19,353,1
19,356,1
19,357,1
19,362,1
19,364,1
19,366,1
19,367,1
19,368,1
19,370,1
19,372,1
19,374,1
19,377,1
19,378,1
19,379,1
19,380,1
19,407,1
19,410,1
19,414,1
19,420,1
19,422,1
19,423,1
19,427,1
19,432,1
19,434,1
19,435,1
19,440,1
19,442,1
19,445,1
19,450,1
19,455,1
19,457,1
19,466,1
19,468,1
19,472,1
19,474,1
19,480,1
19,485,1
19,486,1
19,490,1
19,494,1
19,497,1
19,500,1
19,512,1
19,513,1
19,520,1
19,537,1
19,539,1
19,540,1
19,541,1
19,542,1
19,543,1
19,546,1
19,551,1
19,558,1
19,575,1
19,586,1
19,587,1
19,588,1
19,589,1
19,592,1
19,597,1
19,606,1
19,610,1
19,611,1
19,627,1
19,637,1
19,640,1
19,648,1
19,653,1
19,661,1
19,671,1
19,673,1
19,674,1
19,708,1
19,709,1
19,711,1
19,719,1
19,720,1
19,724,1
19,733,1
19,736,1
19,742,1
19,743,1
19,745,1
19,761,1
19,762,1
19,783,1
19,785,1
19,788,1
19,798,1
19,799,1
19,810,1
19,818,1
19,829,1
19,830,1
19,832,1
19,837,1
19,839,1
19,842,1
19,849,1
19,852,1
19,866,1
19,879,1
19,880,1
19,881,1
19,903,1
19,904,1
19,906,1
19,910,1
19,911,1
19,913,1
19,915,1
19,921,1
19,924,1
19,930,1
19,931,1
19,933,1
19,965,1
19,984,1
19,986,1
19,1016,1
19,1020,1
19,1021,1
19,1028,1
19,1031,1
19,1032,1
19,1037,1
19,1047,1
19,1049,1
19,1057,1
19,1064,1
19,1073,1
19,1077,1
19,1079,1
19,1081,1
19,1086,1
19,1089,1
19,1092,1
19,1097,1
19,1127,1
19,1129,1
19,1136,1
19,1148,1
19,1179,1
19,1193,1
19,1196,1
19,1197,1
19,1198,1
19,1200,1
19,1210,1
19,1214,1
19,1215,1
19,1219,1
19,1234,1
19,1238,1
19,1240,1
19,1256,1
19,1257,1
19,1258,1
19,1259,1
19,1265,1
19,1267,1
19,1269,1
19,1270,1
19,1278,1
19,1285,1
19,1291,1
19,1297,1
19,1307,1
19,1322,1
19,1324,1
19,1330,1
19,1333,1
19,1339,1
19,1342,1
19,1345,1
19,1346,1
19,1347,1
19,1355,1
19,1356,1
19,1359,1
19,1367,1
19,1371,1
19,1372,1
19,1373,1
19,1374,1
19,1375,1
19,1376,1
19,1377,1
19,1378,1
19,1379,1
19,1380,1
19,1391,1
19,1394,1
19,1396,1
19,1405,1
19,1407,1
19,1409,1
19,1427,1
19,1441,1
19,1456,1
19,1457,1
19,1461,1
19,1474,1
19,1479,1
19,1485,1
19,1489,1
19,1499,1
19,1500,1
19,1517,1
19,1527,1
19,1542,1
19,1544,1
19,1550,1
19,1551,1
19,1552,1
19,1556,1
19,1562,1
19,1566,1
19,1569,1
19,1573,1
19,1580,1
19,1583,1
19,1584,1
19,1588,1
19,1590,1
19,1591,1
19,1593,1
19,1597,1
19,1603,1
19,1610,1
19,1614,1
19,1617,1
19,1625,1
19,1644,1
19,1645,1
19,1648,1
19,1653,1
19,1658,1
19,1663,1
19,1665,1
19,1676,1
19,1679,1
19,1681,1
19,1688,1
19,1689,1
19,1690,1
19,1702,1
19,1717,1
19,1718,1
19,1722,1
19,1732,1
19,1747,1
19,1748,1
19,1754,1
19,1777,1
19,1779,1
19,1783,1
19,1784,1
19,1798,1
19,1805,1
19,1806,1
19,1812,1
19,1816,1
19,1831,1
19,1834,1
19,1845,1
19,1848,1
19,1855,1
19,1862,1
19,1881,1
19,1882,1
19,1885,1
19,1888,1
19,1891,1
19,1892,1
19,1894,1
19,1895,1
19,1906,1
19,1907,1
19,1909,1
19,1911,1
19,1917,1
19,1918,1
19,1919,1
19,1920,1
19,1921,1
19,1923,1
19,1924,1
19,1963,1
19,1967,1
19,1968,1
19,1970,1
19,1971,1
19,1972,1
19,1973,1
19,1991,1
19,1994,1
19,2000,1
19,2001,1
19,2002,1
19,2003,1
19,2004,1
19,2005,1
19,2011,1
19,2012,1
19,2014,1
19,2015,1
19,2016,1
19,2026,1
19,2027,1
19,2033,1
19,2034,1
19,2036,1
19,2037,1
19,2040,1
19,2041,1
19,2044,1
19,2046,1
19,2048,1
19,2052,1
19,2053,1
19,2054,1
19,2060,1
19,2065,1
19,2072,1
19,2078,1
19,2081,1
19,2082,1
19,2088,1
19,2092,1
19,2094,1
19,2097,1
19,2100,1
19,2105,1
19,2108,1
19,2110,1
19,2111,1
19,2115,1
19,2118,1
19,2123,1
19,2133,1
19,2134,1
19,2137,1
19,2139,1
19,2140,1
19,2143,1
19,2144,1
19,2145,1
19,2148,1
19,2150,1
19,2153,1
19,2167,1
19,2169,1
19,2171,1
19,2174,1
19,2184,1
19,2186,1
19,2193,1
19,2203,1
19,2206,1
19,2227,1
19,2232,1
19,2243,1
19,2244,1
19,2245,1
19,2248,1
19,2249,1
19,2253,1
19,2255,1
19,2261,1
19,2263,1
19,2266,1
19,2267,1
19,2279,1
19,2287,1
19,2294,1
19,2302,1
19,2315,1
19,2320,1
19,2321,1
19,2328,1
19,2335,1
19,2338,1
19,2354,1
19,2355,1
19,2359,1
19,2369,1
19,2371,1
19,2372,1
19,2374,1
19,2375,1
19,2387,1
19,2393,1
19,2394,1
19,2396,1
19,2406,1
19,2407,1
19,2413,1
19,2414,1
19,2416,1
19,2418,1
19,2423,1
19,2424,1
19,2428,1
19,2446,1
19,2450,1
19,2453,1
19,2455,1
19,2458,1
19,2463,1
19,2465,1
19,2467,1
19,2468,1
19,2470,1
19,2478,1
19,2485,1
19,2490,1
19,2491,1
19,2496,1
19,2502,1
19,2513,1
19,2518,1
19,2528,1
19,2539,1
19,2548,1
19,2550,1
19,2555,1
19,2558,1
19,2571,1
19,2572,1
19,2581,1
19,2605,1
19,2606,1
19,2614,1
19,2617,1
19,2622,1
19,2628,1
19,2640,1
19,2641,1
19,2642,1
19,2643,1
19,2657,1
19,2668,1
19,2672,1
19,2683,1
19,2687,1
19,2694,1
19,2699,1
19,2700,1
19,2701,1
19,2706,1
19,2709,1
19,2710,1
19,2716,1
19,2717,1
19,2719,1
19,2720,1
19,2722,1
19,2723,1
19,2733,1
19,2746,1
19,2754,1
19,2762,1
19,2763,1
19,2788,1
19,2791,1
19,2793,1
19,2797,1
19,2802,1
19,2804,1
19,2806,1
19,2808,1
19,2822,1
19,2836,1
19,2840,1
19,2857,1
19,2858,1
19,2860,1
19,2867,1
19,2870,1
19,2883,1
19,2888,1
19,2898,1
19,2900,1
19,2901,1
19,2915,1
19,2916,1
19,2918,1
19,2936,1
19,2953,1
19,2959,1
19,2968,1
19,2985,1
19,2987,1
19,2995,1
19,2997,1
19,3005,1
19,3016,1
19,3017,1
19,3031,1
19,3032,1
19,3033,1
19,3034,1
19,3035,1
19,3039,1
19,3040,1
19,3044,1
19,3048,1
19,3052,1
19,3056,1
19,3063,1
19,3064,1
19,3070,1
19,3072,1
19,3081,1
19,3082,1
19,3087,1
19,3101,1
19,3104,1
19,3108,1
19,3113,1
19,3114,1
19,3146,1
19,3156,1
19,3175,1
19,3176,1
19,3190,1
19,3203,1
19,3213,1
19,3219,1
19,3225,1
19,3238,1
19,3243,1
19,3247,1
19,3248,1
19,3253,1
19,3254,1
19,3255,1
19,3257,1
19,3258,1
19,3263,1
19,3264,1
19,3269,1
19,3273,1
19,3300,1
19,3301,1
19,3308,1
19,3316,1
19,3324,1
19,3355,1
19,3358,1
19,3361,1
19,3370,1
19,3387,1
19,3393,1
19,3394,1
19,3395,1
19,3396,1
19,3397,1
19,3398,1
19,3400,1
19,3401,1
19,3409,1
19,3418,1
19,3421,1
19,3424,1
19,3440,1
19,3448,1
19,3450,1
19,3454,1
19,3466,1
19,3471,1
19,3476,1
19,3477,1
19,3479,1
19,3481,1
19,3483,1
19,3484,1
19,3489,1
19,3497,1
19,3499,1
19,3500,1
19,3501,1
19,3505,1
19,3510,1
19,3515,1
19,3526,1
19,3534,1
19,3535,1
19,3536,1
19,3548,1
19,3550,1
19,3551,1
19,3578,1
19,3584,1
19,3591,1
19,3594,1
19,3608,1
19,3622,1
19,3623,1
19,3624,1
19,3662,1
19,3671,1
19,3683,1
19,3685,1
19,3686,1
19,3692,1
19,3693,1
19,3698,1
19,3699,1
19,3701,1
19,3704,1
19,3705,1
19,3706,1
19,3708,1
19,3712,1
19,3717,1
19,3740,1
19,3743,1
19,3744,1
19,3745,1
19,3751,1
19,3752,1
19,3754,1
19,3763,1
19,3770,1
19,3784,1
19,3785,1
19,3793,1
19,3797,1
19,3798,1
19,3802,1
19,3809,1
19,3825,1
19,3826,1
19,3835,1
19,3837,1
19,3839,1
20,2,1
20,8,1
20,13,1
20,34,1
20,48,1
20,107,1
20,158,1
20,239,1
20,262,1
20,317,1
20,362,1
20,364,1
20,531,1
20,551,1
20,586,1
20,588,1
20,594,1
20,595,1
20,596,1
20,661,1
20,709,1
20,720,1
20,783,1
20,801,1
20,837,1
20,899,1
20,914,1
20,919,1
20,986,1
20,1010,1
20,1012,1
20,1013,1
20,1015,1
20,1018,1
20,1021,1
20,1022,1
20,1025,1
20,1028,1
20,1029,1
20,1030,1
20,1031,1
20,1032,1
20,1035,1
20,1073,1
20,1088,1
20,1097,1
20,1148,1
20,1282,1
20,1333,1
20,1367,1
20,1380,1
20,1489,1
20,1547,1
20,1566,1
20,1688,1
20,1722,1
20,1848,1
20,1876,1
20,1907,1
20,1919,1
20,1947,1
20,2005,1
20,2006,1
20,2018,1
20,2033,1
20,2048,1
20,2054,1
20,2059,1
20,2078,1
20,2080,1
20,2081,1
20,2083,1
20,2085,1
20,2087,1
20,2089,1
20,2090,1
20,2092,1
20,2096,1
20,2100,1
20,2116,1
20,2135,1
20,2137,1
20,2140,1
20,2141,1
20,2161,1
20,2167,1
20,2294,1
20,2300,1
20,2355,1
20,2394,1
20,2430,1
20,2565,1
20,2617,1
20,2657,1
20,2687,1
20,2700,1
20,2701,1
20,2709,1
20,2746,1
20,2761,1
20,2770,1
20,2804,1
20,2857,1
20,2941,1
20,2987,1
20,3034,1
20,3114,1
20,3157,1
20,3159,1
20,3189,1
20,3300,1
20,3301,1
20,3396,1
20,3397,1
20,3398,1
20,3408,1
20,3410,1
20,3438,1
20,3483,1
20,3510,1
20,3512,1
20,3535,1
20,3536,1
20,3549,1
20,3555,1
20,3565,1
20,3578,1
20,3615,1
20,3623,1
20,3624,1
20,3744,1
20,3751,1
20,3753,1
20,3755,1
20,3784,1
20,3793,1
20,3852,1
20,3882,1
20,3897,1
20,3948,1
20,3967,1
20,3972,1
20,3977,1
20,3986,1
20,3988,1
20,3990,1
20,3994,1
20,3996,1
20,3999,1
20,4014,1
20,4016,1
20,4019,1
20,4022,1
20,4025,1
20,4027,1
20,4029,1
20,4039,1
20,4054,1
20,4090,1
20,4154,1
20,4161,1
20,4226,1
20,4232,1
20,4246,1
20,4270,1
20,4299,1
20,4306,1
20,4308,1
20,4310,1
20,4344,1
20,4366,1
20,4367,1
20,4369,1
20,4370,1
20,4378,1
20,4446,1
20,4447,1
20,4449,1
20,4519,1
20,4638,1
20,4641,1
20,4643,1
20,4700,1
20,4718,1
20,4720,1
20,4734,1
20,4776,1
20,4783,1
20,4816,1
20,4821,1
20,4846,1
20,4848,1
20,4865,1
20,4886,1
20,4896,1
20,4901,1
20,4979,1
20,4990,1
20,4993,1
20,4995,1
20,5013,1
20,5014,1
20,5015,1
20,5103,1
20,5110,1
20,5171,1
20,5218,1
20,5254,1
20,5293,1
20,5299,1
20,5313,1
20,5349,1
20,5364,1
20,5378,1
20,5388,1
20,5418,1
20,5419,1
20,5445,1
20,5463,1
20,5481,1
20,5502,1
20,5504,1
20,5507,1
20,5618,1
20,5630,1
20,5679,1
20,5693,1
20,5785,1
20,5816,1
20,5952,1
20,5989,1
20,5991,1
20,6143,1
20,6156,1
20,6157,1
20,6166,1
20,6170,1
20,6297,1
20,6333,1
20,6345,1
20,6358,1
20,6365,1
21,1,1
21,2,1
21,10,1
21,19,1
21,38,1
21,44,1
21,48,1
21,145,1
21,165,1
21,170,1
21,260,1
21,293,1
21,296,1
21,355,1
21,356,1
21,364,1
21,367,1
21,370,1
21,435,1
21,480,1
21,500,1
21,541,1
21,551,1
21,586,1
21,588,1
21,589,1
21,592,1
21,597,1
21,648,1
21,719,1
21,733,1
21,743,1
21,745,1
21,780,1
21,858,1
21,902,1
21,1036,1
21,1148,1
21,1196,1
21,1198,1
21,1200,1
21,1210,1
21,1214,1
21,1221,1
21,1230,1
21,1240,1
21,1265,1
21,1270,1
21,1291,1
21,1370,1
21,1391,1
21,1527,1
21,1544,1
21,1573,1
21,1580,1
21,1704,1
21,1721,1
21,1722,1
21,1909,1
21,1918,1
21,2000,1
21,2001,1
21,2002,1
21,2006,1
21,2011,1
21,2012,1
21,2023,1
21,2052,1
21,2087,1
21,2115,1
21,2167,1
21,2174,1
21,2273,1
21,2288,1
21,2355,1
21,2376,1
21,2378,1
21,2402,1
21,2403,1
21,2424,1
21,2529,1
21,2541,1
21,2571,1
21,2617,1
21,2628,1
21,2671,1
21,2683,1
21,2700,1
21,2706,1
21,2716,1
21,2717,1
21,2724,1
21,2762,1
21,2763,1
21,2858,1
21,2916,1
21,2947,1
21,2948,1
21,2949,1
21,2953,1
21,2959,1
21,2985,1
21,2989,1
21,2990,1
21,2991,1
21,2993,1
21,3000,1
21,3022,1
21,3082,1
21,3114,1
21,3253,1
21,3462,1
21,3489,1
21,3578,1
21,3617,1
21,3623,1
21,3633,1
21,3635,1
21,3638,1
21,3639,1
21,3697,1
21,3793,1
21,3868,1
21,3869,1
21,3948,1
21,3984,1
21,3988,1
21,4005,1
21,4040,1
21,4085,1
21,4306,1
21,4446,1
21,4489,1
21,4545,1
21,4621,1
21,4638,1
21,4700,1
21,4701,1
21,4718,1
21,4886,1
21,4896,1
21,4963,1
21,4973,1
21,4993,1
21,5218,1
21,5219,1
21,5254,1
21,5266,1
21,5349,1
21,5378,1
21,5418,1
21,5445,1
21,5459,1
21,5481,1
21,5574,1
21,5796,1
21,5816,1
21,5872,1
21,5952,1
21,5989,1
21,6155,1
21,6166,1
21,6365,1
21,6373,1
21,6503,1
21,6539,1
21,6548,1
21,6874,1
21,6934,1
21,6942,1
21,7143,1
21,7153,1
21,7373,1
21,7438,1
21,7569,1
21,7570,1
21,7573,1
21,7701,1
21,8360,1
21,8368,1
21,8529,1
21,8574,1
21,8636,1
21,8644,1
21,8665,1
21,8798,1
21,8946,1
21,8961,1
21,8972,1
21,8984,1
21,26340,1
21,30793,1
21,30816,1
21,30825,1
21,31433,1
21,31685,1
21,32296,1
21,32587,1
21,33004,1
21,33493,1
21,33615,1
21,33679,1
21,33794,1
21,34048,1
21,34150,1
21,34162,1
21,36519,1
21,38038,1
21,39715,1
21,40629,1
21,40815,1
21,41566,1
21,44022,1
21,44191,1
21,45186,1
21,45447,1
21,45499,1
21,45672,1
21,46972,1
21,47566,1
21,47997,1
21,49272,1
21,49286,1
21,50189,1
21,50872,1
21,51084,1
21,51662,1
21,52730,1
21,52973,1
21,53121,1
21,53125,1
21,53322,1
21,53972,1
21,53996,1
21,54276,1
21,54286,1
21,56775,1
21,57640,1
21,58025,1
21,58559,1
21,58998,1
21,59315,1
21,59369,1
21,59429,1
21,59615,1
21,59784,1
21,59900,1
21,60074,1
21,60397,1
21,61160,1
21,63082,1
21,63113,1
21,63859,1
21,64032,1
21,66934,1
21,68791,1
21,68793,1
21,68954,1
21,69122,1
21,69406,1
21,69526,1
21,69644,1
21,69844,1
21,70286,1
21,72378,1
21,72641,1
21,72998,1
21,73017,1
21,73106,1
21,73319,1
21,73321,1
21,73858,1
21,74789,1
21,76093,1
21,76251,1
21,77561,1
21,78469,1
21,78499,1
21,78637,1
21,79132,1
21,79134,1
21,79185,1
21,79293,1
21,79592,1
21,80166,1
21,80463,1
21,81229,1
21,81564,1
21,81591,1
21,81834,1
21,81845,1
21,82202,1
21,84152,1
21,85259,1
21,86068,1
21,87232,1
21,87520,1
21,88125,1
21,88140,1
21,88405,1
21,88744,1
21,89745,1
21,90249,1
21,91500,1
21,91529,1
21,91535,1
21,91630,1
21,93510,1
21,94503,1
21,94677,1
21,94777,1
21,95067,1
21,95167,1
21,95170,1
21,95441,1
21,95510,1
21,95738,1
21,96004,1
21,96079,1
21,96588,1
21,97913,1
21,97938,1
21,98124,1
21,99114,1
21,99532,1
21,101864,1
21,102125,1
21,102481,1
21,102716,1
21,102993,1
21,103141,1
21,103228,1
21,103253,1
21,103335,1
21,103339,1
21,103372,1
21,103384,1
21,103801,1
21,103810,1
21,103819,1
21,103883,1
21,104211,1
21,104374,1
21,104841,1
21,105213,1
21,105653,1
21,105844,1
21,105954,1
21,106072,1
21,106487,1
21,106489,1
21,106491,1
21,106540,1
21,106696,1
21,106782,1
21,106916,1
21,106918,1
21,106920,1
21,107013,1
21,107141,1
21,107449,1
21,108156,1
21,108190,1
21,108932,1
21,108945,1
21,109374,1
21,109487,1
21,109576,1
21,109723,1
21,109864,1
21,110102,1
21,110130,1
21,110553,1
21,111113,1
21,111362,1
21,111617,1
21,111743,1
21,111759,1
21,111781,1
21,111844,1
21,112006,1
21,112138,1
21,112175,1
21,112852,1
21,114180,1
21,114818,1
21,115149,1
21,115502,1
21,115617,1
21,115877,1
21,116797,1
21,116823,1
21,117368,1
21,117529,1
21,117572,1
21,117590,1
21,117851,1
21,117922,1
21,119141,1
21,119145,1
21,119155,1
21,119964,1
21,122882,1
21,122886,1
21,122892,1
21,122896,1
21,122900,1
21,122904,1
21,122922,1
21,126548,1
21,130450,1
21,132157,1
21,133419,1
21,134368,1
21,134393,1
21,134853,1
21,135133,1
21,135536,1
21,135861,1
21,135887,1
21,136016,1
21,136020,1
21,138036,1
21,138186,1
21,139642,1
21,139717,1
21,139915,1
21,140301,1
21,142536,1
21,143245,1
21,143385,1
21,148675,1
21,149380,1
21,152081,1
21,160565,1
21,160872,1
21,164179,1
21,164909,1
21,166492,1
21,167036,1
21,168248,1
21,168252,1
21,173307,1
22,107,1
22,216,1
22,253,1
22,318,1
22,356,1
22,541,1
22,858,1
22,1042,1
22,1193,1
22,1223,1
22,1952,1
22,1953,1
22,2058,1
22,2160,1
22,2300,1
22,2541,1
22,2723,1
22,2959,1
22,2968,1
22,3006,1
22,3210,1
22,3481,1
22,3489,1
22,3578,1
22,3751,1
22,3911,1
22,3949,1
22,3996,1
22,4017,1
22,4027,1
22,4034,1
22,4036,1
22,4226,1
22,4306,1
22,4848,1
22,4878,1
22,4886,1
22,4903,1
22,4979,1
22,4993,1
22,4995,1
22,5013,1
22,5015,1
22,5388,1
22,5418,1
22,5464,1
22,5617,1
22,5669,1
22,5673,1
22,5816,1
22,5902,1
22,6377,1
22,6502,1
22,6539,1
22,6711,1
22,6870,1
22,6874,1
22,7147,1
22,7153,1
22,7361,1
22,7438,1
22,8464,1
22,8622,1
22,8784,1
22,8798,1
22,8958,1
22,8961,1
22,8970,1
22,30707,1
22,30749,1
22,31410,1
22,31658,1
22,33004,1
22,33794,1
22,34437,1
22,36529,1
22,37733,1
22,37741,1
22,38038,1
22,39183,1
22,41997,1
22,44191,1
22,46976,1
22,48394,1
22,48516,1
22,48780,1
22,49272,1
22,50872,1
22,51540,1
22,52281,1
22,53519,1
22,54286,1
22,54503,1
22,55290,1
22,55765,1
22,55820,1
22,56171,1
22,56367,1
22,56782,1
22,56788,1
22,58559,1
22,59315,1
22,60069,1
22,60766,1
22,60950,1
22,61323,1
22,63082,1
22,64575,1
22,66097,1
22,68157,1
22,68358,1
22,68536,1
22,68954,1
22,69122,1
22,69757,1
22,70286,1
22,71464,1
22,72998,1
22,74789,1
23,6,1
23,29,1
23,32,1
23,50,1
23,58,1
23,175,1
23,272,1
23,293,1
23,296,1
23,300,1
23,334,1
23,431,1
23,454,1
23,541,1
23,608,1
23,741,1
23,750,1
23,778,1
23,858,1
23,866,1
23,904,1
23,912,1
23,913,1
23,923,1
23,924,1
23,1036,1
23,1050,1
23,1080,1
23,1089,1
23,1136,1
23,1175,1
23,1193,1
23,1199,1
23,1200,1
23,1203,1
23,1206,1
23,1208,1
23,1212,1
23,1213,1
23,1214,1
23,1217,1
23,1218,1
23,1221,1
23,1222,1
23,1232,1
23,1233,1
23,1237,1
23,1243,1
23,1245,1
23,1248,1
23,1249,1
23,1252,1
23,1258,1
23,1266,1
23,1274,1
23,1284,1
23,1425,1
23,1464,1
23,1617,1
23,1711,1
23,1748,1
23,1809,1
23,1859,1
23,1884,1
23,1952,1
23,1960,1
23,2019,1
23,2194,1
23,2467,1
23,2542,1
23,2579,1
23,2686,1
23,2726,1
23,2730,1
23,2761,1
23,2912,1
23,2951,1
23,3000,1
23,3030,1
23,3108,1
23,3181,1
23,3265,1
23,3424,1
23,3462,1
23,3681,1
23,3822,1
23,3949,1
23,3996,1
23,4027,1
23,4226,1
23,4235,1
23,4973,1
23,5013,1
23,5333,1
23,5618,1
23,5782,1
23,5971,1
23,6234,1
23,6387,1
23,6440,1
23,6721,1
23,6773,1
23,6790,1
23,6807,1
23,6857,1
23,6874,1
23,6920,1
23,6989,1
23,7064,1
23,7069,1
23,7099,1
23,7123,1
23,7438,1
23,7587,1
23,7924,1
23,7932,1
23,8012,1
23,8228,1
23,8370,1
23,8636,1
23,8961,1
24,6,1
24,32,1
24,50,1
24,165,1
24,253,1
24,296,1
24,316,1
24,318,1
24,356,1
24,457,1
24,552,1
24,593,1
24,608,1
24,733,1
24,780,1
24,1047,1
24,1197,1
24,1198,1
24,1220,1
24,1246,1
24,1265,1
24,1297,1
24,1370,1
24,1396,1
24,1527,1
24,1580,1
24,1639,1
24,1653,1
24,1663,1
24,1682,1
24,1704,1
24,1784,1
24,2028,1
24,2115,1
24,2134,1
24,2273,1
24,2405,1
24,2421,1
24,2424,1
24,2571,1
24,2617,1
24,2686,1
24,2916,1
24,3147,1
24,3556,1
24,3578,1
24,4027,1
24,4262,1
24,4299,1
24,4489,1
24,4701,1
24,4855,1
24,4973,1
24,4995,1
24,5064,1
24,5418,1
24,5445,1
24,5673,1
24,5791,1
24,5903,1
24,5943,1
24,6350,1
24,7143,1
24,7293,1
24,8784,1
24,27773,1
24,31685,1
24,31696,1
24,33679,1
24,34437,1
24,35836,1
24,38061,1
24,44191,1
24,45672,1
24,46976,1
24,47610,1
24,49272,1
24,51662,1
24,52973,1
24,54286,1
24,57368,1
24,58559,1
24,58998,1
24,59615,1
24,61024,1
24,61132,1
24,63113,1
24,64957,1
24,64969,1
24,68157,1
24,68358,1
24,69406,1
24,70286,1
24,72011,1
24,79132,1
24,86882,1
24,91529,1
24,91542,1
24,94777,1
24,96079,1
24,96610,1
24,102407,1
24,111759,1
24,119145,1
24,122886,1
24,132660,1
24,134130,1
24,134393,1
24,134853,1
24,139385,1
25,231,1
25,260,1
25,527,1
25,1198,1
25,2028,1
25,2571,1
25,3578,1
25,4993,1
25,5952,1
25,7153,1
25,58559,1
25,59315,1
25,60069,1
25,68157,1
25,68954,1
25,74458,1
25,79132,1
25,91529,1
25,116797,1
25,122912,1
25,122916,1
25,176371,1
25,177593,1
25,180095,1
25,187541,1
25,187593,1
26,10,1
26,34,1
26,47,1
26,150,1
26,153,1
26,165,1
26,185,1
26,208,1
26,225,1
26,288,1
26,296,1
26,300,1
26,344,1
26,349,1
26,356,1
26,380,1
26,434,1
26,454,1
26,457,1
26,592,1
26,593,1
27,1,1
27,2,1
27,34,1
27,48,1
27,60,1
27,62,1
27,126,1
27,158,1
27,238,1
27,260,1
27,316,1
27,356,1
27,364,1
27,367,1
27,421,1
27,455,1
27,480,1
27,590,1
27,595,1
27,648,1
27,661,1
27,673,1
27,736,1
27,745,1
27,780,1
27,783,1
27,801,1
27,808,1
27,902,1
27,911,1
27,913,1
27,920,1
27,924,1
27,969,1
27,986,1
27,1010,1
27,1015,1
27,1021,1
27,1022,1
27,1035,1
27,1083,1
27,1097,1
27,1101,1
27,1127,1
27,1148,1
27,1196,1
27,1197,1
27,1198,1
27,1200,1
27,1201,1
27,1207,1
27,1210,1
27,1222,1
27,1247,1
27,1250,1
27,1262,1
27,1270,1
27,1276,1
27,1287,1
27,1304,1
27,1356,1
27,1387,1
27,1396,1
27,1474,1
27,1566,1
27,1580,1
27,1584,1
27,1588,1
27,1592,1
27,1721,1
27,1876,1
27,1907,1
27,1920,1
27,1947,1
27,1960,1
27,2012,1
27,2032,1
27,2040,1
27,2046,1
27,2054,1
27,2059,1
27,2080,1
27,2085,1
27,2094,1
27,2100,1
27,2115,1
27,2142,1
27,2150,1
27,2151,1
27,2161,1
27,2174,1
27,2294,1
27,2311,1
27,2355,1
27,2406,1
27,2407,1
27,2478,1
27,2529,1
27,2530,1
27,2532,1
27,2565,1
27,2628,1
27,2640,1
27,2687,1
27,2709,1
27,2876,1
27,2886,1
27,2944,1
27,2951,1
27,2985,1
27,3033,1
27,3037,1
27,3062,1
27,3104,1
27,3114,1
27,3157,1
27,3168,1
27,3247,1
27,3350,1
27,3448,1
27,3451,1
27,3471,1
27,3479,1
27,3489,1
27,3508,1
27,3519,1
27,3555,1
27,3654,1
27,3681,1
27,3697,1
27,3751,1
27,3791,1
27,3809,1
27,3836,1
27,5060,1
28,6,1
28,16,1
28,21,1
28,23,1
28,31,1
28,32,1
28,47,1
28,50,1
28,62,1
28,95,1
28,110,1
28,145,1
28,147,1
28,161,1
28,172,1
28,211,1
28,224,1
28,253,1
28,260,1
28,290,1
28,293,1
28,296,1
28,300,1
28,316,1
28,318,1
28,337,1
28,345,1
28,349,1
28,353,1
28,356,1
28,377,1
28,428,1
28,442,1
28,456,1
28,457,1
28,474,1
28,475,1
28,480,1
28,481,1
28,507,1
28,508,1
28,524,1
28,527,1
28,529,1
28,541,1
28,553,1
28,555,1
28,589,1
28,590,1
28,592,1
28,593,1
28,599,1
28,608,1
28,635,1
28,647,1
28,678,1
28,714,1
28,724,1
28,733,1
28,736,1
28,778,1
28,780,1
28,851,1
28,858,1
28,898,1
28,899,1
28,924,1
28,996,1
28,1036,1
28,1042,1
28,1047,1
28,1080,1
28,1089,1
28,1092,1
28,1095,1
28,1101,1
28,1120,1
28,1129,1
28,1136,1
28,1171,1
28,1196,1
28,1197,1
28,1198,1
28,1199,1
28,1200,1
28,1201,1
28,1206,1
28,1208,1
28,1209,1
28,1210,1
28,1213,1
28,1214,1
28,1215,1
28,1221,1
28,1222,1
28,1230,1
28,1233,1
28,1234,1
28,1240,1
28,1245,1
28,1249,1
28,1253,1
28,1256,1
28,1266,1
28,1271,1
28,1275,1
28,1276,1
28,1303,1
28,1356,1
28,1358,1
28,1371,1
28,1374,1
28,1459,1
28,1466,1
28,1480,1
28,1517,1
28,1527,1
28,1580,1
28,1584,1
28,1587,1
28,1590,1
28,1608,1
28,1610,1
28,1617,1
28,1625,1
28,1641,1
28,1645,1
28,1653,1
28,1678,1
28,1682,1
28,1704,1
28,1729,1
28,1732,1
28,1748,1
28,1754,1
28,1785,1
28,1884,1
28,1921,1
28,1953,1
28,1994,1
28,2000,1
28,2012,1
28,2021,1
28,2023,1
28,2028,1
28,2058,1
28,2060,1
28,2105,1
28,2193,1
28,2194,1
28,2231,1
28,2232,1
28,2268,1
28,2272,1
28,2278,1
28,2329,1
28,2353,1
28,2358,1
28,2403,1
28,2412,1
28,2427,1
28,2490,1
28,2502,1
28,2539,1
28,2542,1
28,2571,1
28,2580,1
28,2618,1
28,2628,1
28,2683,1
28,2686,1
28,2701,1
28,2706,1
28,2716,1
28,2762,1
28,2763,1
28,2841,1
28,2858,1
28,2908,1
28,2912,1
28,2916,1
28,2944,1
28,2951,1
28,2952,1
28,2959,1
28,2968,1
28,2985,1
28,2997,1
28,3006,1
28,3020,1
28,3033,1
28,3052,1
28,3100,1
28,3105,1
28,3107,1
28,3147,1
28,3156,1
28,3169,1
28,3173,1
28,3174,1
28,3175,1
28,3176,1
28,3178,1
28,3198,1
28,3246,1
28,3250,1
28,3252,1
28,3256,1
28,3260,1
28,3271,1
28,3272,1
28,3275,1
28,3300,1
28,3317,1
28,3328,1
28,3360,1
28,3386,1
28,3408,1
28,3429,1
28,3499,1
28,3508,1
28,3510,1
28,3535,1
28,3543,1
28,3555,1
28,3556,1
28,3578,1
28,3681,1
28,3683,1
28,3702,1
28,3755,1
28,3783,1
28,3793,1
28,3911,1
28,3916,1
28,3949,1
28,3950,1
28,3967,1
28,3980,1
28,3994,1
28,3996,1
28,4011,1
28,4017,1
28,4019,1
28,4022,1
28,4027,1
28,4034,1
28,4047,1
28,4211,1
28,4223,1
28,4226,1
28,4238,1
28,4251,1
28,4327,1
28,4343,1
28,4344,1
28,4370,1
28,4378,1
28,4446,1
28,4626,1
28,4688,1
28,4772,1
28,4776,1
28,4787,1
28,4855,1
28,4874,1
28,4878,1
28,4881,1
28,4993,1
28,4995,1
28,5009,1
28,5010,1
28,5055,1
28,5152,1
28,5267,1
28,5292,1
28,5329,1
28,5349,1
28,5378,1
28,5418,1
28,5445,1
28,5446,1
28,5464,1
28,5502,1
28,5577,1
28,5617,1
28,5630,1
28,5632,1
28,5682,1
28,5747,1
28,5782,1
28,5903,1
28,5945,1
28,5952,1
28,5955,1
28,5956,1
28,5989,1
28,5995,1
28,6157,1
28,6281,1
28,6333,1
28,6365,1
28,6378,1
28,6428,1
28,6502,1
28,6534,1
28,6537,1
28,6539,1
28,6548,1
28,6552,1
28,6565,1
28,6617,1
28,6711,1
28,6796,1
28,6807,1
28,6817,1
28,6867,1
28,6870,1
28,6874,1
28,6884,1
28,6934,1
28,6947,1
28,6953,1
28,6957,1
28,6974,1
28,6993,1
28,6997,1
28,7009,1
28,7025,1
28,7090,1
28,7123,1
28,7143,1
28,7153,1
28,7263,1
28,7361,1
28,7438,1
28,7445,1
28,7458,1
28,7481,1
28,7649,1
28,7706,1
28,7841,1
28,7842,1
28,7884,1
28,8010,1
28,8132,1
28,8207,1
28,8361,1
28,8378,1
28,8493,1
28,8495,1
28,8633,1
28,8636,1
28,8641,1
28,8644,1
28,8665,1
28,8798,1
28,8810,1
28,8874,1
28,8914,1
28,8937,1
28,8949,1
28,8950,1
28,8951,1
28,8961,1
28,8970,1
28,8977,1
28,8982,1
28,8983,1
28,26614,1
28,26649,1
28,26695,1
28,26750,1
28,26812,1
28,26901,1
28,27408,1
28,27450,1
28,27611,1
28,27788,1
28,27793,1
28,27831,1
28,30707,1
28,30749,1
28,30812,1
28,31101,1
28,31116,1
28,31225,1
28,31420,1
28,32587,1
28,33004,1
28,33166,1
28,33493,1
28,33558,1
28,33660,1
28,33679,1
28,33794,1
28,34048,1
28,34150,1
28,34319,1
28,34405,1
28,34437,1
28,34536,1
28,36517,1
28,36527,1
28,36529,1
28,37386,1
28,37731,1
28,37739,1
28,37741,1
28,38061,1
28,38886,1
28,39381,1
28,39444,1
28,40278,1
28,40414,1
28,40583,1
28,40629,1
28,40819,1
28,41566,1
28,41569,1
28,41863,1
28,41997,1
28,42004,1
28,43396,1
28,43921,1
28,43928,1
28,43936,1
28,44191,1
28,44195,1
28,44199,1
28,44204,1
28,44665,1
28,44761,1
28,45658,1
28,46578,1
28,46723,1
28,47099,1
28,47629,1
28,47644,1
28,47894,1
28,48326,1
28,48385,1
28,48516,1
28,48738,1
28,48774,1
28,48780,1
28,48783,1
28,48879,1
28,49265,1
28,49272,1
28,49278,1
28,49530,1
28,49651,1
28,49822,1
28,49961,1
28,50068,1
28,50442,1
28,51080,1
28,51255,1
28,51471,1
28,51540,1
28,51662,1
28,51935,1
28,52042,1
28,52241,1
28,52281,1
28,52328,1
28,52604,1
28,52952,1
28,53123,1
28,53322,1
28,53550,1
28,53953,1
28,53972,1
28,54286,1
28,54503,1
28,54736,1
28,54962,1
28,54997,1
28,55080,1
28,55094,1
28,55116,1
28,55118,1
28,55247,1
28,55274,1
28,55276,1
28,55290,1
28,55363,1
28,55721,1
28,55765,1
28,55820,1
28,55908,1
28,56145,1
28,56174,1
28,56367,1
28,56587,1
28,56607,1
28,56782,1
28,56921,1
28,57368,1
28,57528,1
28,57640,1
28,57669,1
28,58293,1
28,58559,1
28,58803,1
28,59018,1
28,59129,1
28,59315,1
28,59369,1
28,59387,1
28,60040,1
28,60046,1
28,60069,1
28,60389,1
28,60647,1
28,60674,1
28,60684,1
28,60735,1
28,60753,1
28,60941,1
28,60943,1
28,61011,1
28,61024,1
28,61132,1
28,61167,1
28,61210,1
28,61236,1
28,61248,1
28,61323,1
28,61350,1
28,61352,1
28,61628,1
28,61986,1
28,62374,1
28,62376,1
28,62394,1
28,62792,1
28,62799,1
28,62849,1
28,63033,1
28,63062,1
28,63082,1
28,63113,1
28,63433,1
28,64030,1
28,64497,1
28,64575,1
28,64614,1
28,64716,1
28,64839,1
28,64957,1
28,64983,1
28,64997,1
28,65216,1
28,65682,1
28,65982,1
28,67534,1
28,68205,1
28,68237,1
28,68319,1
28,68358,1
28,68791,1
28,69849,1
28,70286,1
28,70336,1
28,71106,1
28,71135,1
28,72378,1
28,72998,1
29,50,1
29,150,1
29,165,1
29,170,1
29,296,1
29,316,1
29,318,1
29,356,1
29,750,1
29,780,1
29,858,1
29,904,1
29,914,1
29,924,1
29,953,1
29,1100,1
29,1136,1
29,1198,1
29,1201,1
29,1204,1
29,1208,1
29,1209,1
29,1213,1
29,1222,1
29,1224,1
29,1242,1
29,1250,1
29,1262,1
29,1270,1
29,1272,1
29,1303,1
29,1385,1
29,1408,1
29,1617,1
29,1772,1
29,1792,1
29,1939,1
29,1945,1
29,2028,1
29,2301,1
29,2420,1
29,2761,1
29,2872,1
29,2944,1
29,2951,1
29,3363,1
29,3441,1
29,3578,1
29,3591,1
29,3681,1
29,4223,1
29,4327,1
29,4980,1
29,5010,1
29,5464,1
29,5995,1
29,6502,1
29,6787,1
29,7156,1
29,7379,1
29,26554,1
29,26729,1
29,27611,1
29,48516,1
29,48774,1
29,51540,1
29,55820,1
29,56174,1
29,64620,1
29,68237,1
29,70286,1
29,80489,1
29,81845,1
29,82459,1
29,87232,1
29,87306,1
29,98961,1
29,99114,1
29,104841,1
29,111362,1
29,111759,1
30,110,1
30,260,1
30,318,1
30,589,1
30,1036,1
30,1196,1
30,1198,1
30,1200,1
30,1210,1
30,1240,1
30,1291,1
30,2571,1
30,4993,1
30,5952,1
30,7153,1
30,33794,1
30,58559,1
30,59315,1
30,60069,1
30,68358,1
30,68954,1
30,79132,1
30,91529,1
30,93510,1
30,95510,1
30,96821,1
30,97913,1
30,108932,1
30,109487,1
30,111759,1
30,112852,1
30,115617,1
30,116823,1
30,122904,1
31,1,1
31,5,1
31,7,1
31,10,1
31,17,1
31,25,1
31,62,1
31,141,1
31,165,1
31,339,1
31,344,1
31,377,1
31,588,1
31,605,1
31,612,1
31,648,1
31,733,1
31,736,1
31,780,1
31,783,1
31,784,1
31,788,1
31,852,1
31,912,1
31,1036,1
31,1057,1
31,1073,1
31,1099,1
31,1136,1
31,1196,1
31,1197,1
31,1198,1
31,1200,1
31,1214,1
31,1231,1
31,1240,1
31,1246,1
31,1265,1
31,1270,1
31,1278,1
31,1282,1
31,1302,1
31,1353,1
31,1356,1
31,1361,1
31,1363,1
31,1391,1
31,1393,1
31,1405,1
31,5060,1
32,1,1
32,3,1
32,6,1
32,7,1
32,21,1
32,24,1
32,25,1
32,26,1
32,32,1
32,36,1
32,39,1
32,50,1
32,52,1
32,58,1
32,62,1
32,74,1
32,78,1
32,95,1
32,100,1
32,140,1
32,141,1
32,153,1
32,194,1
32,203,1
32,224,1
32,236,1
32,246,1
32,252,1
32,260,1
32,265,1
32,272,1
32,282,1
32,296,1
32,314,1
32,318,1
32,327,1
32,337,1
32,339,1
32,345,1
32,353,1
32,357,1
32,361,1
32,376,1
32,410,1
32,440,1
32,471,1
32,497,1
32,527,1
32,529,1
32,538,1
32,539,1
32,553,1
32,592,1
32,593,1
32,608,1
32,627,1
32,628,1
32,648,1
32,653,1
32,661,1
32,694,1
32,708,1
32,719,1
32,733,1
32,736,1
32,761,1
32,780,1
32,784,1
32,786,1
32,788,1
32,799,1
32,802,1
32,849,1
32,852,1
32,880,1
32,912,1
32,996,1
32,1036,1
32,1061,1
32,1073,1
32,1079,1
32,1080,1
32,1084,1
32,1086,1
32,1103,1
32,1104,1
32,1183,1
32,1196,1
32,1197,1
32,1198,1
32,1224,1
32,1356,1
32,1367,1
32,1391,1
32,1393,1
32,1407,1
32,1409,1
32,1425,1
32,1429,1
32,1438,1
32,1458,1
32,1459,1
33,1,1
33,7,1
33,11,1
33,17,1
33,21,1
33,25,1
33,28,1
33,32,1
33,34,1
33,36,1
33,39,1
33,43,1
33,50,1
33,58,1
33,94,1
33,110,1
33,150,1
33,151,1
33,161,1
33,194,1
33,223,1
33,230,1
33,232,1
33,249,1
33,261,1
33,265,1
33,272,1
33,293,1
33,296,1
33,300,1
33,302,1
33,307,1
33,308,1
33,318,1
33,322,1
33,337,1
33,339,1
33,345,1
33,356,1
33,385,1
33,428,1
33,446,1
33,448,1
33,452,1
33,457,1
33,475,1
33,477,1
33,490,1
33,497,1
33,507,1
33,508,1
33,509,1
33,527,1
33,529,1
33,562,1
33,580,1
33,588,1
33,589,1
33,593,1
33,608,1
33,613,1
33,715,1
33,778,1
33,800,1
33,805,1
33,838,1
33,866,1
33,914,1
33,919,1
33,994,1
33,1027,1
33,1056,1
33,1059,1
33,1060,1
33,1095,1
33,1177,1
33,1183,1
33,1188,1
33,1210,1
33,1213,1
33,1245,1
33,1249,1
33,1271,1
33,1280,1
33,1357,1
33,1358,1
33,1365,1
33,1393,1
33,1399,1
33,1446,1
33,1476,1
33,1487,1
33,1500,1
33,1537,1
33,1542,1
33,1545,1
33,1580,1
33,1610,1
33,1614,1
33,1617,1
33,1621,1
33,1633,1
33,1639,1
33,1641,1
33,1643,1
33,1653,1
33,1658,1
33,1672,1
33,1673,1
33,1678,1
33,1682,1
33,1704,1
33,1719,1
33,1721,1
33,1777,1
33,1784,1
33,1799,1
33,1801,1
33,1805,1
33,1841,1
33,1885,1
33,1888,1
33,1918,1
33,1923,1
33,2028,1
33,2058,1
33,2080,1
33,2087,1
33,2108,1
33,2112,1
33,2268,1
33,2272,1
33,2291,1
33,2294,1
33,2302,1
33,2310,1
33,2324,1
33,2333,1
33,2336,1
33,2355,1
33,2357,1
33,2391,1
33,2396,1
33,2443,1
33,2485,1
33,2490,1
33,2501,1
33,2539,1
33,2542,1
33,2571,1
33,2580,1
33,2690,1
33,2724,1
33,2762,1
33,2875,1
33,2943,1
34,10,1
34,70,1
34,110,1
34,145,1
34,163,1
34,318,1
34,356,1
34,357,1
34,377,1
34,589,1
34,780,1
34,1036,1
34,1391,1
34,1527,1
34,1580,1
34,1682,1
34,1717,1
34,1721,1
34,1831,1
34,2006,1
34,2273,1
34,2324,1
34,2424,1
34,2443,1
34,2571,1
34,2617,1
34,2628,1
34,2671,1
34,2762,1
34,2953,1
34,2959,1
34,3000,1
34,3052,1
34,3489,1
34,3617,1
34,3624,1
34,3717,1
34,3793,1
34,3948,1
34,3977,1
34,3996,1
34,3997,1
34,4226,1
34,4246,1
34,4306,1
34,4310,1
34,4367,1
34,4369,1
34,4446,1
34,4447,1
34,4643,1
34,4720,1
34,4874,1
34,4973,1
34,5146,1
34,5349,1
34,5378,1
34,5449,1
34,5459,1
34,5952,1
34,6242,1
34,6333,1
34,6378,1
34,6387,1
34,6539,1
34,6567,1
34,6618,1
34,6711,1
34,6721,1
34,6857,1
34,6874,1
34,6934,1
34,7090,1
34,7438,1
34,7451,1
34,8622,1
34,8636,1
34,8957,1
34,26606,1
34,27193,1
34,27728,1
34,27801,1
34,31184,1
34,31685,1
34,44974,1
34,45499,1
35,11,1
35,21,1
35,39,1
35,50,1
35,60,1
35,62,1
35,150,1
35,185,1
35,222,1
35,231,1
35,235,1
35,236,1
35,237,1
35,252,1
35,261,1
35,266,1
35,300,1
35,316,1
35,339,1
35,342,1
35,590,1
35,592,1
35,595,1
36,25,1
36,315,1
36,318,1
36,544,1
36,548,1
36,552,1
36,904,1
36,908,1
36,919,1
36,996,1
36,1015,1
36,1086,1
36,1090,1
36,1094,1
36,1222,1
36,1234,1
36,1252,1
36,1262,1
36,1278,1
36,1358,1
36,1372,1
36,1376,1
36,1396,1
36,1485,1
36,1500,1
36,1597,1
36,1617,1
36,1704,1
36,1892,1
36,2012,1
36,2082,1
36,2194,1
36,2269,1
36,2302,1
36,2359,1
36,2376,1
36,2406,1
36,2581,1
36,2735,1
36,2794,1
36,3066,1
36,3270,1
36,3308,1
36,3347,1
36,3362,1
36,3363,1
36,3766,1
36,3798,1
36,3861,1
36,3897,1
36,4025,1
36,4085,1
36,4220,1
36,4995,1
36,5093,1
36,5171,1
36,5312,1
36,5464,1
36,5956,1
36,6662,1
37,150,1
37,153,1
37,165,1
37,231,1
37,292,1
37,296,1
37,316,1
37,318,1
37,329,1
37,344,1
37,349,1
37,356,1
37,380,1
37,457,1
37,590,1
37,592,1
37,593,1
37,661,1
37,671,1
37,1061,1
37,1073,1
38,11,1
38,17,1
38,21,1
38,39,1
38,48,1
38,50,1
38,62,1
38,105,1
38,110,1
38,150,1
38,151,1
38,153,1
38,161,1
38,163,1
38,168,1
38,193,1
38,203,1
38,208,1
38,222,1
38,223,1
38,224,1
38,235,1
38,237,1
38,246,1
38,252,1
38,253,1
38,266,1
38,273,1
38,282,1
38,292,1
38,296,1
38,300,1
38,317,1
38,318,1
38,329,1
38,337,1
38,339,1
38,342,1
38,350,1
38,355,1
38,356,1
38,357,1
38,364,1
38,367,1
38,368,1
38,376,1
38,377,1
38,380,1
38,410,1
38,432,1
38,434,1
38,435,1
38,440,1
38,454,1
38,457,1
38,466,1
38,468,1
38,480,1
38,485,1
38,497,1
38,500,1
38,508,1
38,509,1
38,527,1
38,539,1
38,551,1
38,552,1
38,555,1
38,585,1
38,586,1
38,588,1
38,590,1
38,592,1
38,593,1
38,595,1
38,597,1
38,648,1
38,736,1
39,32,1
39,47,1
39,50,1
39,260,1
39,296,1
39,364,1
39,457,1
39,588,1
39,589,1
39,592,1
39,593,1
39,594,1
39,596,1
39,608,1
39,610,1
39,745,1
39,858,1
39,908,1
39,924,1
39,1022,1
39,1025,1
39,1027,1
39,1029,1
39,1032,1
39,1036,1
39,1073,1
39,1089,1
39,1097,1
39,1127,1
39,1136,1
39,1196,1
39,1197,1
39,1198,1
39,1200,1
39,1210,1
39,1213,1
39,1214,1
39,1215,1
39,1219,1
39,1221,1
39,1248,1
39,1258,1
39,1270,1
39,1276,1
39,1282,1
39,1287,1
39,1291,1
39,1387,1
39,1394,1
39,1396,1
39,1408,1
39,1500,1
39,1527,1
39,1584,1
39,1610,1
39,1617,1
39,1729,1
39,1862,1
39,1907,1
39,1921,1
39,1954,1
39,1967,1
39,1968,1
39,1994,1
39,2018,1
39,2078,1
39,2080,1
39,2081,1
39,2085,1
39,2118,1
39,2137,1
39,2174,1
39,2342,1
39,2366,1
39,2391,1
39,2459,1
39,2529,1
39,2571,1
39,2580,1
39,2599,1
39,2692,1
39,2700,1
39,2762,1
39,2858,1
39,2912,1
39,2947,1
39,2987,1
39,2997,1
39,3000,1
39,3019,1
39,3034,1
39,3178,1
39,3213,1
39,3328,1
39,3362,1
39,3418,1
39,3481,1
39,3745,1
39,3793,1
39,3911,1
40,1,1
40,17,1
40,19,1
40,21,1
40,26,1
40,31,1
40,34,1
40,44,1
40,46,1
40,48,1
40,60,1
40,62,1
40,82,1
40,104,1
40,107,1
40,110,1
40,111,1
40,121,1
40,126,1
40,146,1
40,150,1
40,151,1
40,153,1
40,158,1
40,159,1
40,163,1
40,165,1
40,168,1
40,172,1
40,173,1
40,186,1
40,199,1
40,203,1
40,205,1
40,208,1
40,216,1
40,218,1
40,223,1
40,224,1
40,228,1
40,230,1
40,231,1
40,235,1
40,236,1
40,252,1
40,256,1
40,265,1
40,266,1
40,267,1
40,272,1
40,273,1
40,281,1
40,292,1
40,296,1
40,300,1
40,306,1
40,307,1
40,308,1
40,312,1
40,314,1
40,316,1
40,317,1
40,318,1
40,327,1
40,329,1
40,330,1
40,337,1
40,339,1
40,344,1
40,350,1
40,351,1
40,353,1
40,362,1
40,364,1
40,367,1
40,371,1
40,376,1
40,380,1
40,383,1
40,410,1
40,421,1
40,431,1
40,432,1
40,434,1
40,435,1
40,440,1
40,454,1
40,457,1
40,491,1
40,509,1
40,514,1
40,515,1
40,551,1
40,553,1
40,585,1
40,588,1
40,590,1
40,592,1
40,595,1
40,609,1
40,610,1
40,616,1
40,685,1
41,47,1
41,50,1
41,111,1
41,215,1
41,288,1
41,293,1
41,296,1
41,356,1
41,357,1
41,380,1
41,541,1
41,593,1
41,595,1
41,597,1
41,608,1
41,750,1
41,778,1
41,920,1
41,924,1
41,1088,1
41,1089,1
41,1097,1
41,1200,1
41,1206,1
41,1208,1
41,1213,1
41,1214,1
41,1219,1
41,1222,1
41,1225,1
41,1258,1
41,1259,1
41,1265,1
41,1307,1
41,1485,1
41,1569,1
41,1584,1
41,1641,1
41,1682,1
41,1704,1
41,1721,1
41,1732,1
41,1777,1
41,1784,1
41,1884,1
41,1961,1
41,2028,1
41,2115,1
41,2160,1
41,2268,1
41,2324,1
41,2329,1
41,2571,1
41,2671,1
41,2692,1
41,2712,1
41,2724,1
41,2858,1
41,2959,1
41,3081,1
41,3160,1
41,3285,1
41,3301,1
41,3408,1
41,3578,1
41,3916,1
41,3948,1
41,3949,1
41,3968,1
41,3996,1
41,4011,1
41,4014,1
41,4022,1
41,4027,1
41,4034,1
41,4226,1
41,4235,1
41,4246,1
41,4262,1
41,4306,1
41,4720,1
41,4816,1
41,4848,1
41,4878,1
41,4890,1
41,4963,1
41,4973,1
41,4979,1
41,5014,1
41,5377,1
41,5418,1
41,5449,1
41,5618,1
41,5816,1
41,5952,1
41,5989,1
41,5995,1
41,6016,1
41,6287,1
41,6373,1
41,6377,1
41,6539,1
41,6708,1
41,6711,1
41,6763,1
41,6870,1
41,6874,1
41,6953,1
41,7149,1
41,7173,1
41,7293,1
41,7361,1
41,7438,1
41,7444,1
41,7445,1
41,8641,1
41,8874,1
41,8949,1
41,8961,1
41,8981,1
41,30707,1
41,30812,1
41,30825,1
41,31685,1
41,33166,1
41,34162,1
41,34319,1
41,35836,1
41,37729,1
41,41285,1
41,46578,1
41,46723,1
41,47099,1
41,48394,1
41,48516,1
41,48780,1
41,49286,1
41,49530,1
41,50872,1
41,51662,1
41,52973,1
41,53519,1
41,54001,1
41,54272,1
41,54286,1
41,55247,1
41,55280,1
41,55765,1
41,55820,1
41,56367,1
41,56941,1
41,57669,1
41,58998,1
41,59725,1
41,59900,1
41,60950,1
41,61132,1
41,61240,1
41,61323,1
41,64839,1
41,64969,1
41,65230,1
41,66097,1
41,67255,1
41,68157,1
41,68954,1
41,69122,1
41,69757,1
41,70293,1
41,71033,1
41,71899,1
41,79132,1
41,80906,1
41,81591,1
41,81845,1
41,85774,1
41,86781,1
41,86882,1
41,87869,1
41,88129,1
41,88163,1
41,89759,1
41,91529,1
41,92259,1
41,93840,1
41,96829,1
41,97921,1
41,99114,1
41,100714,1
41,101525,1
41,102407,1
41,103980,1
41,104879,1
41,106918,1
41,106920,1
41,109374,1
41,111659,1
41,111921,1
41,112183,1
41,112290,1
41,112552,1
41,112556,1
41,115149,1
41,115569,1
41,115713,1
41,116897,1
41,118900,1
41,122882,1
41,122904,1
41,125916,1
41,128360,1
41,135887,1
41,136864,1
41,138036,1
41,139385,1
41,140110,1
41,150548,1
42,3,1
42,7,1
42,10,1
42,11,1
42,16,1
42,19,1
42,21,1
42,22,1
42,47,1
42,50,1
42,86,1
42,95,1
42,104,1
42,110,1
42,122,1
42,135,1
42,141,1
42,144,1
42,150,1
42,153,1
42,161,1
42,163,1
42,165,1
42,168,1
42,173,1
42,185,1
42,186,1
42,193,1
42,195,1
42,223,1
42,225,1
42,227,1
42,231,1
42,234,1
42,236,1
42,252,1
42,253,1
42,257,1
42,260,1
42,276,1
42,288,1
42,292,1
42,296,1
42,303,1
42,316,1
42,318,1
42,333,1
42,344,1
42,349,1
42,350,1
42,353,1
42,356,1
42,360,1
42,361,1
42,364,1
42,368,1
42,372,1
42,379,1
42,380,1
42,381,1
42,383,1
42,408,1
42,410,1
42,413,1
42,414,1
42,415,1
42,418,1
42,420,1
42,424,1
42,432,1
42,433,1
42,434,1
42,436,1
42,442,1
42,457,1
42,459,1
42,466,1
42,468,1
42,485,1
42,486,1
42,490,1
42,507,1
42,509,1
42,520,1
42,524,1
42,527,1
42,540,1
42,548,1
42,550,1
42,552,1
42,553,1
42,555,1
42,586,1
42,590,1
42,592,1
42,593,1
42,597,1
42,612,1
42,628,1
42,639,1
42,647,1
42,648,1
42,708,1
42,733,1
42,780,1
42,782,1
42,784,1
42,785,1
42,788,1
42,805,1
42,858,1
42,880,1
42,912,1
42,924,1
42,996,1
42,1020,1
42,1021,1
42,1027,1
42,1036,1
42,1042,1
42,1060,1
42,1061,1
42,1079,1
42,1088,1
42,1089,1
42,1090,1
42,1093,1
42,1094,1
42,1097,1
42,1100,1
42,1101,1
42,1124,1
42,1127,1
42,1191,1
42,1196,1
42,1197,1
42,1210,1
42,1213,1
42,1221,1
42,1222,1
42,1231,1
42,1245,1
42,1246,1
42,1265,1
42,1266,1
42,1270,1
42,1285,1
42,1302,1
42,1307,1
42,1339,1
42,1343,1
42,1370,1
42,1373,1
42,1374,1
42,1378,1
42,1379,1
42,1391,1
42,1393,1
42,1431,1
42,1453,1
42,1457,1
42,1461,1
42,1466,1
42,1468,1
42,1474,1
42,1476,1
42,1479,1
42,1485,1
42,1488,1
42,1499,1
42,1500,1
42,1513,1
42,1517,1
42,1552,1
42,1573,1
42,1580,1
42,1597,1
42,1608,1
42,1610,1
42,1614,1
42,1617,1
42,1619,1
42,1625,1
42,1641,1
42,1644,1
42,1645,1
42,1653,1
42,1663,1
42,1667,1
42,1672,1
42,1673,1
42,1674,1
42,1682,1
42,1687,1
42,1689,1
42,1704,1
42,1722,1
42,1726,1
42,1729,1
42,1784,1
42,1805,1
42,1806,1
42,1810,1
42,1831,1
42,1835,1
42,1876,1
42,1883,1
42,1892,1
42,1894,1
42,1918,1
42,1923,1
42,1961,1
42,1968,1
42,1975,1
42,1976,1
42,2000,1
42,2001,1
42,2002,1
42,2011,1
42,2023,1
42,2028,1
42,2081,1
42,2094,1
42,2100,1
42,2105,1
42,2110,1
42,2115,1
42,2144,1
42,2146,1
42,2155,1
42,2169,1
42,2194,1
42,2236,1
42,2263,1
42,2268,1
42,2278,1
42,2294,1
42,2297,1
42,2302,1
42,2306,1
42,2311,1
42,2329,1
42,2335,1
42,2352,1
42,2353,1
42,2369,1
42,2371,1
42,2372,1
42,2375,1
42,2376,1
42,2404,1
42,2406,1
42,2407,1
42,2416,1
42,2420,1
42,2421,1
42,2423,1
42,2424,1
42,2427,1
42,2433,1
42,2478,1
42,2490,1
42,2492,1
42,2497,1
42,2500,1
42,2502,1
42,2505,1
42,2539,1
42,2541,1
42,2568,1
42,2571,1
42,2574,1
42,2580,1
42,2581,1
42,2598,1
42,2605,1
42,2628,1
42,2641,1
42,2671,1
42,2683,1
42,2688,1
42,2694,1
42,2700,1
42,2702,1
42,2706,1
42,2707,1
42,2712,1
42,2713,1
42,2716,1
42,2722,1
42,2724,1
42,2735,1
42,2746,1
42,2763,1
42,2770,1
42,2771,1
42,2791,1
42,2795,1
42,2796,1
42,2804,1
42,2805,1
42,2827,1
42,2861,1
42,2871,1
42,2875,1
42,2890,1
42,2906,1
42,2908,1
42,2915,1
42,2918,1
42,2959,1
42,2968,1
42,2987,1
42,2989,1
42,2990,1
42,2997,1
42,3005,1
42,3033,1
42,3052,1
42,3082,1
42,3098,1
42,3100,1
42,3101,1
42,3104,1
42,3120,1
42,3142,1
42,3146,1
42,3173,1
42,3176,1
42,3177,1
42,3186,1
42,3208,1
42,3210,1
42,3247,1
42,3248,1
42,3252,1
42,3253,1
42,3254,1
42,3255,1
42,3256,1
42,3257,1
42,3259,1
42,3261,1
42,3263,1
42,3264,1
42,3269,1
42,3298,1
42,3301,1
42,3316,1
42,3326,1
42,3361,1
42,3387,1
42,3394,1
42,3408,1
42,3438,1
42,3441,1
42,3448,1
42,3450,1
42,3481,1
42,3502,1
42,3515,1
42,3527,1
42,3534,1
42,3535,1
42,3552,1
42,3578,1
42,3617,1
42,3646,1
42,3693,1
42,3694,1
42,3695,1
42,3717,1
42,3752,1
42,3753,1
42,3755,1
42,3764,1
42,3791,1
42,3793,1
42,3824,1
42,3841,1
42,3861,1
42,3869,1
42,3882,1
42,3946,1
42,3948,1
42,3968,1
42,3977,1
42,3980,1
42,3987,1
42,4002,1
42,4005,1
42,4007,1
42,4008,1
42,4018,1
42,4022,1
42,4027,1
42,4034,1
42,4040,1
42,4041,1
42,4062,1
42,4067,1
42,4084,1
42,4085,1
42,4102,1
42,4132,1
42,4153,1
42,4155,1
42,4207,1
42,4262,1
42,4280,1
42,4293,1
42,4317,1
42,4321,1
42,4322,1
42,4333,1
42,4349,1
42,4351,1
42,4359,1
42,4361,1
42,4367,1
42,4396,1
42,4442,1
42,4466,1
42,4477,1
42,4482,1
42,4487,1
42,4489,1
42,4509,1
42,4516,1
42,4541,1
42,4545,1
42,4564,1
42,4565,1
42,4577,1
42,4621,1
42,4623,1
42,4629,1
42,4654,1
42,4679,1
42,4686,1
43,1,1
43,3,1
43,5,1
43,7,1
43,8,1
43,10,1
43,11,1
43,23,1
43,29,1
43,34,1
43,47,1
43,48,1
43,57,1
43,60,1
43,79,1
43,95,1
43,102,1
43,107,1
43,110,1
43,150,1
43,153,1
43,158,1
43,161,1
43,165,1
43,168,1
43,173,1
43,174,1
43,185,1
43,193,1
43,208,1
43,217,1
43,225,1
43,231,1
43,236,1
43,238,1
43,253,1
43,256,1
43,259,1
43,261,1
43,262,1
43,271,1
43,276,1
43,277,1
43,288,1
43,292,1
43,296,1
43,300,1
43,316,1
43,317,1
43,318,1
43,325,1
43,329,1
43,339,1
43,343,1
43,344,1
43,349,1
43,350,1
43,351,1
43,355,1
43,356,1
43,362,1
43,364,1
43,367,1
43,374,1
43,377,1
43,380,1
43,382,1
43,410,1
43,413,1
43,419,1
43,420,1
43,432,1
43,434,1
43,435,1
43,442,1
43,454,1
43,457,1
43,480,1
43,484,1
43,500,1
43,502,1
43,519,1
43,520,1
43,532,1
43,539,1
43,542,1
43,552,1
43,553,1
43,575,1
43,587,1
43,588,1
43,589,1
43,590,1
43,592,1
43,594,1
43,595,1
43,596,1
43,597,1
43,609,1
43,610,1
43,616,1
43,631,1
43,648,1
43,661,1
43,711,1
43,783,1
43,788,1
43,810,1
43,828,1
43,1064,1
43,1073,1
43,1084,1
43,1105,1
43,1356,1
44,1,1
44,3,1
44,6,1
44,12,1
44,18,1
44,36,1
44,65,1
44,66,1
44,94,1
44,95,1
44,104,1
44,112,1
44,135,1
44,141,1
44,260,1
44,494,1
44,605,1
44,648,1
44,661,1
44,663,1
44,667,1
44,673,1
44,733,1
44,736,1
44,737,1
44,780,1
44,785,1
44,786,1
44,798,1
44,805,1
44,833,1
44,836,1
44,842,1
44,849,1
44,852,1
44,889,1
44,891,1
44,1120,1
44,1210,1
44,1391,1
44,1393,1
44,1405,1
44,1429,1
44,1476,1
44,1517,1
44,1544,1
44,1552,1
44,1639,1
45,1,1
45,5,1
45,6,1
45,7,1
45,11,1
45,19,1
45,21,1
45,32,1
45,39,1
45,50,1
45,62,1
45,65,1
45,69,1
45,70,1
45,88,1
45,104,1
45,107,1
45,110,1
45,112,1
45,150,1
45,165,1
45,172,1
45,173,1
45,180,1
45,185,1
45,186,1
45,216,1
45,223,1
45,231,1
45,248,1
45,252,1
45,260,1
45,261,1
45,292,1
45,296,1
45,316,1
45,317,1
45,329,1
45,333,1
45,338,1
45,344,1
45,356,1
45,357,1
45,362,1
45,364,1
45,367,1
45,368,1
45,370,1
45,380,1
45,413,1
45,435,1
45,440,1
45,441,1
45,457,1
45,466,1
45,474,1
45,480,1
45,500,1
45,520,1
45,541,1
45,543,1
45,546,1
45,551,1
45,552,1
45,569,1
45,586,1
45,587,1
45,588,1
45,589,1
45,590,1
45,593,1
45,594,1
45,595,1
45,597,1
45,639,1
45,648,1
45,671,1
45,733,1
45,765,1
45,778,1
45,780,1
45,783,1
45,784,1
45,785,1
45,788,1
45,832,1
45,849,1
45,852,1
45,858,1
45,903,1
45,919,1
45,924,1
45,934,1
45,1005,1
45,1020,1
45,1021,1
45,1028,1
45,1029,1
45,1033,1
45,1035,1
45,1036,1
45,1037,1
45,1042,1
45,1059,1
45,1060,1
45,1073,1
45,1080,1
45,1097,1
45,1101,1
45,1127,1
45,1136,1
45,1196,1
45,1197,1
45,1198,1
45,1210,1
45,1213,1
45,1221,1
45,1225,1
45,1240,1
45,1242,1
45,1246,1
45,1258,1
45,1259,1
45,1265,1
45,1270,1
45,1282,1
45,1285,1
45,1291,1
45,1302,1
45,1307,1
45,1356,1
45,1367,1
45,1370,1
45,1371,1
45,1372,1
45,1374,1
45,1375,1
45,1376,1
45,1377,1
45,1390,1
45,1391,1
45,1393,1
45,1396,1
45,1407,1
45,1431,1
45,1442,1
45,1457,1
45,1476,1
45,1485,1
45,1500,1
45,1517,1
45,1527,1
45,1566,1
45,1569,1
45,1573,1
45,1580,1
45,1584,1
45,1591,1
45,1608,1
45,1610,1
45,1615,1
45,1639,1
45,1641,1
45,1642,1
45,1653,1
45,1676,1
45,1682,1
45,1688,1
45,1704,1
45,1721,1
45,1729,1
45,1732,1
45,1753,1
45,1769,1
45,1777,1
45,1784,1
45,1862,1
45,1863,1
45,1866,1
45,1883,1
45,1909,1
45,1921,1
45,1923,1
45,1934,1
45,1961,1
45,1968,1
45,2005,1
45,2006,1
45,2011,1
45,2012,1
45,2021,1
45,2028,1
45,2042,1
45,2046,1
45,2052,1
45,2064,1
45,2078,1
45,2080,1
45,2081,1
45,2082,1
45,2083,1
45,2087,1
45,2094,1
45,2096,1
45,2105,1
45,2106,1
45,2108,1
45,2115,1
45,2124,1
45,2140,1
45,2174,1
45,2195,1
45,2231,1
45,2268,1
45,2302,1
45,2311,1
45,2324,1
45,2329,1
45,2355,1
45,2396,1
45,2407,1
45,2431,1
45,2470,1
45,2485,1
45,2492,1
45,2501,1
45,2502,1
45,2504,1
45,2528,1
45,2541,1
45,2571,1
45,2580,1
45,2598,1
45,2605,1
45,2606,1
45,2616,1
45,2628,1
45,2657,1
45,2672,1
45,2683,1
45,2687,1
45,2694,1
45,2700,1
45,2706,1
45,2707,1
45,2710,1
45,2712,1
45,2716,1
45,2718,1
45,2731,1
45,2746,1
45,2762,1
45,2763,1
45,2771,1
45,2791,1
45,2797,1
45,2804,1
45,2841,1
45,2858,1
45,2890,1
45,2915,1
45,2916,1
45,2918,1
45,2944,1
45,2947,1
45,2959,1
45,2985,1
45,2987,1
45,2997,1
45,3004,1
45,3033,1
45,3052,1
45,3082,1
45,3087,1
45,3114,1
45,3147,1
45,3175,1
45,3176,1
45,3177,1
45,3196,1
45,3243,1
45,3247,1
45,3248,1
45,3249,1
45,3253,1
45,3254,1
45,3255,1
45,3258,1
45,3268,1
45,3269,1
45,3270,1
45,3273,1
45,3274,1
45,3285,1
45,3298,1
45,3301,1
45,3360,1
45,3385,1
45,3387,1
45,3394,1
45,3396,1
45,3408,1
45,3421,1
45,3439,1
45,3481,1
45,3484,1
45,3489,1
45,3510,1
45,3534,1
45,3536,1
45,3549,1
45,3552,1
45,3555,1
45,3565,1
45,3578,1
45,3617,1
45,3717,1
45,3752,1
45,3753,1
45,3793,1
45,3798,1
45,3897,1
45,3911,1
45,3972,1
45,3996,1
45,4011,1
45,4016,1
45,4022,1
45,4033,1
45,4034,1
45,4104,1
45,4299,1
45,4306,1
45,4308,1
45,4369,1
45,4502,1
45,4623,1
45,4638,1
45,4718,1
45,4734,1
45,4886,1
45,4896,1
45,4901,1
45,4929,1
45,4958,1
45,4963,1
45,4974,1
45,4979,1
45,4980,1
45,4993,1
45,5103,1
45,5151,1
45,5218,1
45,5220,1
45,5283,1
45,5307,1
45,5308,1
45,5313,1
45,5349,1
45,5378,1
45,5418,1
45,5445,1
45,5481,1
45,5500,1
45,5502,1
45,5528,1
45,5568,1
45,5582,1
45,5585,1
45,5589,1
45,5620,1
45,5630,1
45,5989,1
45,6287,1
45,6333,1
45,6365,1
45,6373,1
45,6377,1
45,6539,1
45,7173,1
45,7294,1
45,8360,1
45,8528,1
45,8636,1
45,8665,1
45,33004,1
45,33145,1
45,33493,1
45,33495,1
45,33679,1
45,50872,1
45,51080,1
45,53121,1
45,53125,1
45,53322,1
45,53993,1
45,53996,1
45,54272,1
45,54286,1
46,1,1
46,10,1
46,32,1
46,39,1
46,50,1
46,110,1
46,111,1
46,153,1
46,160,1
46,161,1
46,165,1
46,173,1
46,185,1
46,208,1
46,225,1
46,231,1
46,236,1
46,253,1
46,266,1
46,282,1
46,288,1
46,292,1
46,300,1
46,315,1
46,316,1
46,318,1
46,339,1
46,344,1
46,349,1
46,364,1
46,367,1
46,380,1
46,432,1
46,434,1
46,435,1
46,454,1
46,457,1
46,588,1
46,590,1
46,592,1
46,593,1
46,595,1
47,31,1
47,47,1
47,62,1
47,141,1
47,147,1
47,150,1
47,318,1
47,356,1
47,391,1
47,500,1
47,508,1
47,539,1
47,587,1
47,590,1
47,593,1
47,597,1
47,724,1
47,1021,1
47,1088,1
47,1097,1
47,1203,1
47,1259,1
47,1265,1
47,1393,1
47,1580,1
47,1721,1
47,1961,1
47,1968,1
47,2028,1
47,2121,1
47,2144,1
47,2291,1
47,2407,1
47,2420,1
47,2671,1
47,2762,1
47,2797,1
47,2908,1
47,2942,1
47,2959,1
47,3147,1
47,3255,1
47,3408,1
47,3844,1
47,3949,1
47,3969,1
47,4018,1
47,4022,1
47,4474,1
47,4487,1
47,4776,1
47,4878,1
47,4975,1
47,5014,1
47,5108,1
47,5293,1
47,5669,1
47,5679,1
47,5943,1
47,5989,1
47,5991,1
47,6155,1
47,6373,1
47,6765,1
47,6870,1
47,7160,1
47,8464,1
47,8533,1
47,8958,1
47,8966,1
47,30707,1
47,30749,1
47,30793,1
47,30812,1
47,31685,1
47,33166,1
47,40819,1
47,45950,1
47,47099,1
47,47423,1
47,48385,1
47,49278,1
47,49530,1
47,49824,1
47,51931,1
47,53894,1
47,55247,1
47,56587,1
47,59725,1
47,63082,1
47,63876,1
47,68932,1
47,69122,1
47,69712,1
47,72395,1
47,72641,1
47,72998,1
47,79242,1
47,80463,1
47,81591,1
47,81932,1
47,82767,1
47,84152,1
47,88405,1
47,88810,1
47,91658,1
47,96567,1
47,96588,1
47,96811,1
47,97921,1
47,97923,1
47,97938,1
47,100383,1
47,101525,1
47,104841,1
47,105504,1
47,106100,1
47,106782,1
47,108729,1
47,111921,1
47,112183,1
47,112552,1
47,112556,1
47,112804,1
47,117881,1
47,132424,1
47,137337,1
47,139385,1
47,140174,1
47,140247,1
47,140715,1
47,145839,1
47,146656,1
47,148626,1
47,159817,1
47,160980,1
47,161582,1
47,163645,1
47,166643,1
47,171011,1
48,48,1
48,168,1
48,172,1
48,653,1
48,780,1
48,1193,1
48,1320,1
48,1356,1
48,1485,1
48,1527,1
48,1580,1
48,1584,1
48,1625,1
48,1653,1
48,1690,1
48,2081,1
48,2115,1
48,2194,1
48,2353,1
48,2571,1
48,2617,1
48,2791,1
48,2797,1
48,3623,1
48,3793,1
48,4886,1
48,5349,1
48,5445,1
48,5882,1
48,5903,1
48,6333,1
48,8371,1
48,8636,1
49,110,1
49,318,1
49,356,1
49,527,1
49,1097,1
49,1200,1
49,1214,1
49,2028,1
49,2571,1
49,4022,1
49,5218,1
49,6377,1
49,47099,1
49,70286,1
49,79091,1
49,79132,1
49,103335,1
49,109487,1
49,122920,1
49,139385,1
49,168252,1
