interaction,item_id,user_id
1,0,0
1,1,0
1,2,0
1,3,0
1,4,0
1,5,0
1,6,0
1,7,0
1,8,0
1,9,0
1,10,0
1,11,0
1,12,0
1,13,0
1,14,0
1,15,0
1,16,0
1,17,0
1,18,0
1,19,0
1,20,0
1,21,0
1,22,0
1,23,0
1,24,0
1,25,0
1,26,0
1,27,0
1,28,0
1,29,0
1,30,0
1,31,0
1,32,0
1,33,0
1,34,0
1,35,0
1,36,0
1,37,0
1,38,0
1,39,0
1,40,0
1,41,0
1,42,0
1,43,0
1,44,0
1,45,0
1,46,0
1,47,0
1,48,0
1,49,0
1,50,0
1,51,0
1,52,0
1,53,0
1,54,0
1,55,0
1,56,0
1,57,0
1,58,0
1,59,0
1,60,0
1,61,0
1,62,0
1,63,0
1,64,0
1,65,0
1,66,0
1,67,0
1,68,0
1,69,0
1,70,0
1,71,0
1,72,0
1,73,0
1,74,0
1,75,0
1,76,0
1,77,0
1,78,0
1,79,0
1,80,0
1,81,0
1,82,0
1,83,0
1,84,0
1,85,0
1,86,0
1,87,0
1,88,0
1,89,0
1,90,0
1,91,0
1,92,0
1,93,0
1,94,0
1,95,0
1,96,0
1,97,0
1,98,0
1,99,0
1,100,0
1,101,0
1,102,0
1,103,0
1,104,0
1,105,0
1,106,0
1,107,0
1,108,0
1,109,0
1,110,0
1,111,0
1,112,0
1,113,0
1,114,0
1,115,0
1,116,0
1,117,0
1,118,0
1,119,0
1,120,0
1,121,0
1,122,0
1,123,0
1,124,0
1,125,0
1,126,0
1,127,0
1,128,0
1,129,0
1,130,0
1,131,0
1,132,0
1,133,0
1,134,0
1,135,0
1,136,0
1,137,0
1,138,0
1,139,0
1,140,0
1,141,0
1,142,0
1,143,0
1,144,0
1,145,0
1,146,0
1,147,0
1,148,0
1,149,0
1,150,0
1,151,0
1,152,0
1,153,0
1,154,0
1,155,0
1,156,0
1,157,0
1,158,0
1,159,0
1,160,0
1,161,0
1,162,0
1,163,0
1,164,0
1,165,0
1,166,0
1,167,0
1,168,0
1,169,0
1,170,0
1,171,0
1,172,0
1,173,0
1,174,0
1,175,0
1,176,0
1,177,0
1,178,0
1,179,0
1,180,0
1,181,0
1,182,0
1,183,0
1,184,0
1,185,0
1,186,0
1,187,0
1,188,0
1,189,0
1,190,0
1,191,0
1,192,0
1,193,0
1,194,0
1,195,0
1,196,0
1,197,0
1,198,0
1,199,0
1,200,0
1,201,0
1,202,0
1,203,0
1,204,0
1,205,0
1,206,0
1,207,0
1,208,0
1,209,0
1,210,0
1,211,0
1,212,0
1,213,0
1,214,0
1,215,0
1,216,0
1,217,0
1,218,0
1,219,0
1,220,0
1,221,0
1,222,0
1,223,0
1,224,0
1,225,0
1,226,0
1,227,0
1,228,0
1,229,0
1,230,0
1,231,1
1,17,1
1,232,1
1,218,1
1,233,1
1,234,1
1,235,1
1,236,1
1,237,1
1,238,1
1,239,1
1,240,1
1,241,1
1,242,1
1,243,1
1,244,1
1,245,1
1,246,1
1,247,1
1,248,1
1,249,1
1,250,1
1,251,1
1,252,1
1,253,1
1,254,1
1,255,1
1,256,1
1,257,1
1,258,2
1,27,2
1,259,2
1,260,2
1,261,2
1,262,2
1,263,2
1,264,2
1,265,2
1,266,2
1,267,2
1,85,2
1,268,2
1,269,2
1,101,2
1,119,2
1,270,2
1,127,2
1,132,2
1,271,2
1,272,2
1,273,2
1,274,2
1,275,2
1,223,2
1,276,2
1,277,2
1,278,2
1,279,2
1,280,2
1,281,2
1,282,2
1,283,2
1,284,2
1,285,2
1,286,2
1,287,2
1,288,2
1,289,2
1,290,3
1,291,3
1,292,3
1,2,3
1,293,3
1,294,3
1,295,3
1,296,3
1,297,3
1,298,3
1,299,3
1,300,3
1,301,3
1,302,3
1,303,3
1,304,3
1,13,3
1,305,3
1,14,3
1,306,3
1,15,3
1,307,3
1,308,3
1,309,3
1,310,3
1,311,3
1,312,3
1,313,3
1,314,3
1,23,3
1,315,3
1,24,3
1,316,3
1,317,3
1,318,3
1,319,3
1,320,3
1,30,3
1,321,3
1,33,3
1,322,3
1,323,3
1,35,3
1,36,3
1,324,3
1,325,3
1,326,3
1,327,3
1,328,3
1,329,3
1,330,3
1,331,3
1,332,3
1,333,3
1,334,3
1,263,3
1,43,3
1,335,3
1,336,3
1,337,3
1,51,3
1,338,3
1,339,3
1,58,3
1,59,3
1,340,3
1,341,3
1,60,3
1,342,3
1,343,3
1,344,3
1,345,3
1,66,3
1,346,3
1,347,3
1,348,3
1,67,3
1,68,3
1,69,3
1,349,3
1,350,3
1,351,3
1,73,3
1,75,3
1,352,3
1,353,3
1,354,3
1,83,3
1,355,3
1,356,3
1,87,3
1,357,3
1,358,3
1,88,3
1,359,3
1,360,3
1,361,3
1,362,3
1,96,3
1,97,3
1,100,3
1,363,3
1,102,3
1,364,3
1,232,3
1,365,3
1,107,3
1,366,3
1,367,3
1,368,3
1,369,3
1,370,3
1,371,3
1,372,3
1,373,3
1,374,3
1,375,3
1,376,3
1,377,3
1,378,3
1,379,3
1,115,3
1,380,3
1,381,3
1,382,3
1,126,3
1,383,3
1,384,3
1,385,3
1,140,3
1,386,3
1,387,3
1,388,3
1,389,3
1,390,3
1,391,3
1,392,3
1,393,3
1,394,3
1,152,3
1,153,3
1,395,3
1,165,3
1,396,3
1,397,3
1,170,3
1,398,3
1,177,3
1,399,3
1,400,3
1,401,3
1,402,3
1,403,3
1,404,3
1,183,3
1,405,3
1,406,3
1,407,3
1,191,3
1,408,3
1,196,3
1,197,3
1,409,3
1,410,3
1,411,3
1,412,3
1,413,3
1,414,3
1,204,3
1,415,3
1,416,3
1,417,3
1,418,3
1,419,3
1,209,3
1,420,3
1,421,3
1,216,3
1,422,3
1,423,3
1,424,3
1,425,3
1,228,3
1,426,3
1,427,3
1,428,3
1,429,3
1,430,3
1,431,3
1,432,3
1,433,3
1,434,3
1,435,3
1,436,3
1,437,3
1,438,3
1,439,3
1,440,3
1,441,3
1,442,3
1,443,3
1,444,3
1,445,3
1,446,3
1,447,3
1,448,3
1,449,3
1,450,3
1,451,3
1,452,3
1,453,3
1,454,3
1,455,3
1,456,3
1,457,3
1,458,3
1,459,4
1,290,4
1,460,4
1,461,4
1,462,4
1,3,4
1,294,4
1,6,4
1,463,4
1,464,4
1,304,4
1,305,4
1,465,4
1,466,4
1,306,4
1,467,4
1,468,4
1,15,4
1,469,4
1,16,4
1,231,4
1,470,4
1,18,4
1,312,4
1,471,4
1,21,4
1,472,4
1,473,4
1,24,4
1,474,4
1,316,4
1,475,4
1,27,4
1,476,4
1,477,4
1,321,4
1,478,4
1,31,4
1,32,4
1,479,4
1,322,4
1,34,4
1,480,4
1,35,4
1,481,5
1,0,5
1,482,5
1,483,5
1,1,5
1,484,5
1,485,5
1,486,5
1,487,5
1,488,5
1,489,5
1,490,5
1,491,5
1,492,5
1,290,5
1,493,5
1,494,5
1,495,5
1,496,5
1,497,5
1,258,5
1,291,5
1,460,5
1,461,5
1,498,5
1,499,5
1,292,5
1,500,5
1,2,5
1,3,5
1,501,5
1,502,5
1,503,5
1,504,5
1,505,5
1,506,5
1,507,5
1,508,5
1,509,5
1,510,5
1,511,5
1,512,5
1,513,5
1,514,5
1,515,5
1,516,5
1,517,5
1,518,5
1,519,5
1,6,5
1,520,5
1,521,5
1,297,5
1,522,5
1,523,5
1,524,5
1,525,5
1,526,5
1,463,5
1,7,5
1,464,5
1,527,5
1,528,5
1,529,5
1,530,5
1,9,5
1,531,5
1,532,5
1,533,5
1,299,5
1,534,5
1,535,5
1,536,5
1,537,5
1,538,5
1,539,5
1,540,5
1,541,5
1,542,5
1,543,5
1,544,5
1,545,5
1,546,5
1,547,5
1,548,5
1,549,5
1,550,5
1,551,5
1,552,5
1,10,5
1,553,5
1,554,5
1,555,5
1,303,5
1,556,5
1,557,5
1,558,5
1,12,5
1,559,5
1,560,5
1,561,5
1,562,5
1,563,5
1,564,5
1,565,5
1,566,5
1,567,5
1,568,5
1,465,5
1,569,5
1,570,5
1,571,5
1,572,5
1,466,5
1,573,5
1,306,5
1,467,5
1,574,5
1,575,5
1,576,5
1,577,5
1,578,5
1,579,5
1,580,5
1,581,5
1,582,5
1,583,5
1,584,5
1,585,5
1,586,5
1,587,5
1,588,5
1,15,5
1,589,5
1,590,5
1,591,5
1,592,5
1,593,5
1,594,5
1,595,5
1,596,5
1,16,5
1,597,5
1,231,5
1,598,5
1,599,5
1,600,5
1,601,5
1,17,5
1,602,5
1,603,5
1,604,5
1,605,5
1,308,5
1,606,5
1,470,5
1,607,5
1,310,5
1,18,5
1,608,5
1,311,5
1,609,5
1,610,5
1,611,5
1,612,5
1,19,5
1,312,5
1,613,5
1,614,5
1,615,5
1,616,5
1,20,5
1,471,5
1,617,5
1,21,5
1,313,5
1,618,5
1,619,5
1,620,5
1,621,5
1,622,5
1,472,5
1,623,5
1,624,5
1,625,5
1,626,5
1,473,5
1,627,5
1,628,5
1,629,5
1,630,5
1,631,5
1,632,5
1,633,5
1,634,5
1,635,5
1,636,5
1,637,5
1,315,5
1,638,5
1,639,5
1,24,5
1,640,5
1,641,5
1,642,5
1,643,5
1,644,5
1,645,5
1,474,5
1,316,5
1,646,5
1,25,5
1,647,5
1,648,5
1,649,5
1,650,5
1,651,5
1,652,5
1,653,5
1,26,5
1,654,5
1,655,5
1,656,5
1,318,5
1,657,5
1,475,5
1,658,5
1,659,5
1,660,5
1,27,5
1,476,5
1,661,5
1,662,5
1,663,5
1,320,5
1,664,5
1,665,5
1,28,5
1,666,5
1,667,5
1,29,5
1,30,5
1,668,5
1,669,5
1,670,5
1,321,5
1,478,5
1,31,5
1,32,5
1,33,5
1,479,5
1,322,5
1,34,5
1,480,5
1,671,5
1,35,5
1,672,5
1,673,5
1,674,5
1,675,5
1,676,5
1,677,5
1,259,5
1,678,5
1,679,5
1,680,5
1,681,5
1,682,5
1,683,5
1,324,5
1,684,5
1,685,5
1,686,5
1,687,5
1,40,5
1,688,5
1,689,5
1,690,5
1,691,5
1,41,5
1,692,5
1,693,5
1,694,5
1,695,5
1,696,5
1,697,5
1,698,5
1,699,5
1,700,5
1,701,5
1,702,5
1,703,5
1,704,5
1,705,5
1,706,5
1,707,5
1,708,5
1,709,5
1,710,5
1,711,5
1,712,5
1,713,5
1,714,5
1,715,5
1,716,5
1,717,5
1,718,5
1,56,5
1,57,5
1,719,5
1,720,5
1,59,5
1,721,5
1,342,5
1,459,6
1,3,6
1,294,6
1,463,6
1,531,6
1,14,6
1,19,6
1,472,6
1,642,6
1,25,6
1,670,6
1,321,6
1,478,6
1,32,6
1,33,6
1,322,6
1,36,6
1,722,6
1,41,6
1,335,6
1,723,6
1,724,6
1,347,6
1,67,6
1,71,6
1,72,6
1,75,6
1,76,6
1,80,6
1,725,6
1,84,6
1,97,6
1,726,6
1,727,6
1,102,6
1,728,6
1,729,6
1,730,6
1,377,6
1,114,6
1,381,6
1,390,6
1,148,6
1,163,6
1,170,6
1,171,6
1,731,6
1,398,6
1,732,6
1,733,6
1,734,6
1,400,6
1,183,6
1,735,6
1,736,6
1,420,6
1,218,6
1,737,6
1,227,6
1,738,6
1,739,6
1,740,6
1,741,6
1,742,6
1,743,6
1,445,6
1,744,6
1,745,6
1,746,6
1,747,6
1,748,6
1,749,6
1,750,6
1,751,6
1,456,6
1,752,6
1,753,6
1,754,6
1,755,6
1,756,6
1,757,6
1,758,6
1,759,6
1,760,6
1,761,6
1,762,6
1,763,6
1,764,6
1,765,6
1,766,6
1,767,6
1,768,6
1,769,6
1,770,6
1,771,6
1,772,6
1,773,6
1,774,6
1,775,6
1,776,6
1,777,6
1,778,6
1,779,6
1,780,6
1,781,6
1,782,6
1,783,6
1,784,6
1,785,6
1,234,6
1,786,6
1,787,6
1,788,6
1,789,6
1,790,6
1,791,6
1,792,6
1,793,6
1,794,6
1,795,6
1,796,6
1,797,6
1,798,6
1,799,6
1,800,6
1,801,6
1,802,6
1,803,6
1,804,6
1,805,6
1,806,6
1,807,6
1,808,6
1,809,6
1,810,6
1,811,6
1,812,6
1,813,6
1,814,6
1,815,6
1,816,6
1,817,6
1,818,6
1,819,6
1,820,6
1,236,6
1,821,6
1,822,6
1,823,6
1,824,6
1,825,6
1,826,6
1,481,7
1,486,7
1,487,7
1,290,7
1,291,7
1,460,7
1,462,7
1,2,7
1,3,7
1,6,7
1,524,7
1,463,7
1,464,7
1,539,7
1,540,7
1,549,7
1,12,7
1,13,7
1,560,7
1,568,7
1,465,7
1,583,7
1,587,7
1,15,7
1,597,7
1,231,7
1,604,7
1,19,7
1,312,7
1,471,7
1,21,7
1,621,7
1,472,7
1,632,7
1,636,7
1,638,7
1,24,7
1,25,7
1,26,7
1,27,7
1,320,7
1,827,7
1,670,7
1,31,7
1,32,7
1,33,7
1,480,7
1,498,8
1,828,8
1,11,8
1,619,8
1,829,8
1,830,8
1,44,8
1,831,8
1,832,8
1,69,8
1,84,8
1,833,8
1,834,8
1,835,8
1,118,8
1,836,8
1,837,8
1,838,8
1,839,8
1,840,8
1,841,8
1,842,8
1,843,8
1,844,8
1,753,8
1,755,8
1,757,8
1,758,8
1,845,8
1,846,8
1,847,8
1,848,8
1,849,8
1,850,8
1,851,8
1,852,8
1,853,8
1,854,8
1,855,8
1,764,8
1,856,8
1,857,8
1,858,8
1,859,8
1,860,8
1,861,8
1,15,9
1,19,9
1,321,9
1,480,9
1,334,9
1,862,9
1,863,9
1,864,9
1,865,9
1,729,9
1,374,9
1,165,9
1,731,9
1,400,9
1,183,9
1,191,9
1,218,9
1,866,9
1,445,9
1,744,9
1,867,9
1,753,9
1,754,9
1,868,9
1,869,9
1,870,9
1,871,9
1,764,9
1,872,9
1,873,9
1,874,9
1,875,9
1,876,9
1,877,9
1,878,9
1,879,9
1,774,9
1,880,9
1,881,9
1,882,9
1,883,9
1,884,9
1,885,9
1,886,9
1,887,9
1,782,9
1,783,9
1,786,9
1,888,9
1,794,9
1,889,9
1,796,9
1,890,9
1,891,9
1,892,9
1,893,9
1,894,9
1,809,9
1,895,9
1,896,9
1,897,9
1,898,9
1,823,9
1,825,9
1,899,9
1,900,9
1,901,9
1,902,9
1,903,9
1,904,9
1,905,9
1,237,9
1,906,9
1,907,9
1,908,9
1,909,9
1,910,9
1,911,9
1,912,9
1,913,9
1,914,9
1,915,9
1,916,9
1,917,9
1,918,9
1,919,9
1,920,9
1,921,9
1,922,9
1,923,9
1,924,9
1,925,9
1,926,9
1,927,9
1,928,9
1,929,9
1,930,9
1,931,9
1,932,9
1,933,9
1,934,9
1,935,9
1,936,9
1,937,9
1,938,9
1,939,9
1,940,9
1,941,9
1,942,9
1,943,9
1,248,9
1,944,9
1,945,9
1,946,9
1,947,9
1,948,9
1,949,9
1,950,9
1,951,9
1,952,9
1,953,9
1,954,9
1,955,9
1,956,9
1,957,9
1,958,9
1,959,9
1,251,9
1,960,9
1,961,9
1,252,9
1,962,9
1,963,9
1,964,9
1,965,9
1,966,9
1,967,9
1,968,9
1,969,9
1,970,9
1,1,10
1,486,10
1,461,10
1,971,10
1,515,10
1,6,10
1,463,10
1,464,10
1,531,10
1,533,10
1,549,10
1,587,10
1,231,10
1,18,10
1,19,10
1,313,10
1,972,10
1,621,10
1,472,10
1,633,10
1,24,10
1,642,10
1,474,10
1,25,10
1,651,10
1,973,10
1,974,10
1,478,10
1,33,10
1,36,10
1,39,10
1,40,10
1,41,10
1,975,10
1,724,10
1,72,10
1,976,10
1,977,10
1,978,10
1,360,10
1,93,10
1,979,10
1,980,10
1,98,10
1,99,10
1,726,10
1,981,10
1,363,10
1,982,10
1,983,10
1,984,10
1,985,10
1,986,10
1,232,10
1,987,10
1,729,10
1,988,10
1,989,10
1,730,10
1,990,10
1,377,10
1,991,10
1,992,10
1,120,10
1,462,11
1,532,11
1,303,11
1,570,11
1,466,11
1,580,11
1,312,11
1,28,11
1,698,11
1,701,11
1,335,11
1,83,11
1,993,11
1,994,11
1,987,11
1,995,11
1,996,11
1,997,11
1,998,11
1,999,11
1,1000,11
1,1001,11
1,1002,11
1,734,11
1,1003,11
1,429,11
1,742,11
1,870,11
1,877,11
1,887,11
1,895,11
1,912,11
1,2,12
1,1004,12
1,480,12
1,1005,12
1,69,12
1,1006,12
1,1007,12
1,1008,12
1,987,12
1,384,12
1,140,12
1,1009,12
1,165,12
1,1010,12
1,1011,12
1,1012,12
1,218,12
1,1013,12
1,1014,12
1,1015,12
1,227,12
1,1016,12
1,1017,12
1,1018,12
1,1019,12
1,427,12
1,1020,12
1,740,12
1,430,12
1,1021,12
1,1022,12
1,482,13
1,484,13
1,492,13
1,495,13
1,291,13
1,462,13
1,2,13
1,515,13
1,519,13
1,6,13
1,463,13
1,464,13
1,1023,13
1,12,13
1,467,13
1,583,13
1,584,13
1,15,13
1,231,13
1,603,13
1,604,13
1,470,13
1,311,13
1,19,13
1,21,13
1,972,13
1,621,13
1,625,13
1,633,13
1,1024,13
1,639,13
1,646,13
1,25,13
1,650,13
1,656,13
1,318,13
1,660,13
1,27,13
1,320,13
1,664,13
1,29,13
1,30,13
1,827,13
1,31,13
1,32,13
1,33,13
1,480,13
1,1025,13
1,459,14
1,971,14
1,2,14
1,527,14
1,1026,14
1,570,14
1,14,14
1,588,14
1,15,14
1,231,14
1,612,14
1,19,14
1,471,14
1,27,14
1,321,14
1,478,14
1,34,14
1,41,14
1,262,14
1,1027,14
1,67,14
1,69,14
1,1028,14
1,72,14
1,74,14
1,80,14
1,83,14
1,84,14
1,1029,14
1,1030,14
1,1031,14
1,1032,14
1,1033,14
1,835,14
1,118,14
1,120,14
1,1034,14
1,1035,14
1,385,14
1,1036,14
1,146,14
1,165,14
1,400,14
1,183,14
1,186,14
1,191,14
1,202,14
1,1037,14
1,1038,14
1,1039,14
1,1040,14
1,1041,14
1,218,14
1,219,14
1,1015,14
1,276,14
1,741,14
1,742,14
1,1042,14
1,443,14
1,744,14
1,746,14
1,1043,14
1,751,14
1,753,14
1,754,14
1,758,14
1,762,14
1,764,14
1,1044,14
1,765,14
1,875,14
1,1045,14
1,233,14
1,1046,14
1,1047,14
1,778,14
1,1048,14
1,794,14
1,808,14
1,1049,14
1,1050,14
1,1051,14
1,1052,14
1,1053,14
1,237,14
1,1054,14
1,1055,14
1,1056,14
1,1057,14
1,1058,14
1,915,14
1,1059,14
1,1060,14
1,1061,14
1,1062,14
1,926,14
1,243,14
1,1063,14
1,1064,14
1,1065,14
1,1066,14
1,1067,14
1,248,14
1,1068,14
1,1069,14
1,952,14
1,250,14
1,1070,14
1,1071,14
1,1072,14
1,1073,14
1,961,14
1,252,14
1,1074,14
1,1075,14
1,1076,14
1,1077,14
1,1078,14
1,255,14
1,1079,14
1,256,14
1,1080,14
1,1081,14
1,1082,14
1,1083,14
1,1084,14
1,1085,14
1,1086,14
1,1087,14
1,1088,14
1,1089,14
1,1090,14
1,1091,14
1,1092,14
1,2,15
1,3,15
1,1093,15
1,546,15
1,14,15
1,588,15
1,15,15
1,231,15
1,307,15
1,19,15
1,27,15
1,1094,15
1,33,15
1,35,15
1,1095,15
1,1096,15
1,722,15
1,262,15
1,1027,15
1,331,15
1,334,15
1,1097,15
1,44,15
1,61,15
1,66,15
1,1098,15
1,1099,15
1,1100,15
1,348,15
1,1101,15
1,67,15
1,68,15
1,69,15
1,349,15
1,1102,15
1,350,15
1,1103,15
1,71,15
1,73,15
1,74,15
1,75,15
1,77,15
1,1104,15
1,1105,15
1,864,15
1,1106,15
1,1107,15
1,1108,15
1,1109,15
1,1110,15
1,1111,15
1,1112,15
1,102,15
1,1113,15
1,232,15
1,381,15
1,383,15
1,146,15
1,155,15
1,1114,15
1,165,15
1,172,15
1,1115,15
1,1116,15
1,400,15
1,183,15
1,191,15
1,1117,15
1,1118,15
1,1119,15
1,1120,15
1,1121,15
1,1122,15
1,1123,15
1,276,15
1,431,15
1,1021,15
1,443,15
1,1124,15
1,1125,15
1,753,15
1,762,15
1,1126,15
1,764,15
1,1044,15
1,1127,15
1,1128,15
1,774,15
1,1129,15
1,1130,15
1,1131,15
1,1132,15
1,237,15
1,1055,15
1,915,15
1,1133,15
1,243,15
1,248,15
1,459,16
1,971,16
1,2,16
1,3,16
1,6,16
1,1093,16
1,463,16
1,14,16
1,588,16
1,15,16
1,231,16
1,19,16
1,25,16
1,27,16
1,1094,16
1,478,16
1,31,16
1,32,16
1,33,16
1,722,16
1,41,16
1,1027,16
1,329,16
1,331,16
1,333,16
1,55,16
1,1134,16
1,61,16
1,62,16
1,264,16
1,975,16
1,1101,16
1,67,16
1,68,16
1,69,16
1,1102,16
1,70,16
1,1135,16
1,72,16
1,73,16
1,1136,16
1,77,16
1,1137,16
1,1138,16
1,80,16
1,1106,16
1,82,16
1,354,16
1,266,16
1,84,16
1,88,16
1,976,16
1,1139,16
1,994,16
1,362,16
1,107,16
1,115,16
1,117,16
1,381,16
1,120,16
1,1140,16
1,146,16
1,161,16
1,165,16
1,734,16
1,400,16
1,183,16
1,191,16
1,1141,16
1,202,16
1,1142,16
1,1143,16
1,422,16
1,1144,16
1,222,16
1,276,16
1,443,16
1,1145,16
1,753,16
1,762,16
1,1126,16
1,764,16
1,1044,16
1,1146,16
1,1127,16
1,1147,16
1,1128,16
1,774,16
1,1148,16
1,1131,16
1,1149,16
1,809,16
1,1132,16
1,236,16
1,237,16
1,1055,16
1,1150,16
1,239,16
1,1151,16
1,242,16
1,1133,16
1,243,16
1,1152,16
1,1153,16
1,1154,16
1,459,17
1,481,17
1,1,17
1,490,17
1,291,17
1,460,17
1,461,17
1,2,17
1,3,17
1,4,17
1,518,17
1,6,17
1,1093,17
1,525,17
1,9,17
1,531,17
1,537,17
1,549,17
1,11,17
1,12,17
1,13,17
1,14,17
1,584,17
1,588,17
1,15,17
1,231,17
1,599,17
1,603,17
1,470,17
1,19,17
1,471,17
1,21,17
1,618,17
1,620,17
1,621,17
1,472,17
1,1155,17
1,634,17
1,1156,17
1,24,17
1,642,17
1,25,17
1,26,17
1,654,17
1,656,17
1,27,17
1,1094,17
1,1157,17
1,827,17
1,321,17
1,478,17
1,31,17
1,33,17
1,322,17
1,35,17
1,674,17
1,36,17
1,1158,17
1,38,17
1,1096,17
1,1159,17
1,41,17
1,1025,17
1,262,17
1,1027,17
1,331,17
1,332,17
1,1097,17
1,43,17
1,44,17
1,723,17
1,1160,17
1,1134,17
1,1161,17
1,60,17
1,343,17
1,61,17
1,832,17
1,66,17
1,1099,17
1,1101,17
1,67,17
1,69,17
1,1102,17
1,350,17
1,70,17
1,1103,17
1,71,17
1,1135,17
1,72,17
1,1162,17
1,73,17
1,74,17
1,75,17
1,1136,17
1,77,17
1,1104,17
1,1163,17
1,1138,17
1,80,17
1,1164,17
1,725,17
1,864,17
1,1106,17
1,1107,17
1,84,17
1,85,17
1,1110,17
1,88,17
1,1165,17
1,977,17
1,269,17
1,1166,17
1,1139,17
1,360,17
1,362,17
1,97,17
1,1030,17
1,1167,17
1,100,17
1,983,17
1,102,17
1,104,17
1,1031,17
1,106,17
1,728,17
1,232,17
1,987,17
1,1168,17
1,107,17
1,729,17
1,111,17
1,372,17
1,730,17
1,990,17
1,1169,17
1,114,17
1,1170,17
1,116,17
1,1033,17
1,991,17
1,835,17
1,118,17
1,381,17
1,120,17
1,125,17
1,133,17
1,1171,17
1,1140,17
1,143,17
1,1036,17
1,145,17
1,390,17
1,146,17
1,1172,17
1,1173,17
1,1174,17
1,1175,17
1,1176,17
1,998,17
1,1177,17
1,158,17
1,1114,17
1,164,17
1,165,17
1,398,17
1,177,17
1,1178,17
1,400,17
1,1179,17
1,1180,17
1,1181,17
1,191,17
1,196,17
1,199,17
1,1182,17
1,202,17
1,207,17
1,1183,17
1,1184,17
1,1185,17
1,218,17
1,1144,17
1,222,17
1,1186,17
1,1187,17
1,227,17
1,1188,17
1,276,17
1,741,17
1,1189,17
1,1021,17
1,443,17
1,444,17
1,1190,17
1,744,17
1,1191,17
1,1192,17
1,747,17
1,1193,17
1,1194,17
1,751,17
1,456,17
1,752,17
1,1125,17
1,753,17
1,754,17
1,1195,17
1,1196,17
1,755,17
1,1197,17
1,756,17
1,1198,17
1,758,17
1,759,17
1,760,17
1,847,17
1,1199,17
1,1200,17
1,1201,17
1,1202,17
1,763,17
1,1203,17
1,1204,17
1,764,17
1,856,17
1,765,17
1,1205,17
1,1206,17
1,1207,17
1,767,17
1,768,17
1,1208,17
1,875,17
1,1209,17
1,1210,17
1,769,17
1,770,17
1,1211,17
1,1212,17
1,1213,17
1,1214,17
1,771,17
1,1147,17
1,233,17
1,1215,17
1,772,17
1,1216,17
1,1217,17
1,774,17
1,1046,17
1,882,17
1,1218,17
1,1219,17
1,1220,17
1,1129,17
1,1221,17
1,1047,17
1,1222,17
1,1223,17
1,1224,17
1,778,17
1,1225,17
1,779,17
1,1226,17
1,1048,17
1,783,17
1,1227,17
1,234,17
1,1228,17
1,1229,17
1,792,17
1,793,17
1,794,17
1,798,17
1,1230,17
1,1231,17
1,1232,17
1,1233,17
1,1131,17
1,1234,17
1,1235,17
1,1236,17
1,800,17
1,892,17
1,1237,17
1,806,17
1,1238,17
1,1239,17
1,809,17
1,1240,17
1,1241,17
1,1242,17
1,1243,17
1,1244,17
1,1245,17
1,1246,17
1,813,17
1,1247,17
1,1248,17
1,896,17
1,1249,17
1,1250,17
1,1251,17
1,1252,17
1,1253,17
1,816,17
1,817,17
1,1254,17
1,1255,17
1,1256,17
1,1257,17
1,1258,17
1,1132,17
1,236,17
1,1051,17
1,1259,17
1,1052,17
1,1260,17
1,1261,17
1,899,17
1,1262,17
1,1263,17
1,1264,17
1,1265,17
1,1266,17
1,1267,17
1,1268,17
1,1269,17
1,902,17
1,1270,17
1,1271,17
1,1272,17
1,1273,17
1,1274,17
1,1275,17
1,1276,17
1,1277,17
1,1278,17
1,1279,17
1,1280,17
1,237,17
1,1054,17
1,1281,17
1,1282,17
1,1283,17
1,1284,17
1,1285,17
1,238,17
1,1286,17
1,1287,17
1,1288,17
1,1057,17
1,1150,17
1,1289,17
1,1290,17
1,1291,17
1,1292,17
1,1293,17
1,239,17
1,1294,17
1,1295,17
1,1151,17
1,915,17
1,1296,17
1,1297,17
1,1059,17
1,1298,17
1,1060,17
1,1299,17
1,1300,17
1,1301,17
1,921,17
1,289,17
1,926,17
1,927,17
1,1302,17
1,1303,17
1,1304,17
1,1305,17
1,241,17
1,1306,17
1,1307,17
1,1308,17
1,1309,17
1,1310,17
1,1311,17
1,1312,17
1,1313,17
1,1133,17
1,243,17
1,1314,17
1,1315,17
1,1316,17
1,1317,17
1,1318,17
1,244,17
1,1319,17
1,1320,17
1,1321,17
1,1322,17
1,1065,17
1,1323,17
1,1324,17
1,1325,17
1,1326,17
1,1327,17
1,1328,17
1,1329,17
1,1330,17
1,1066,17
1,1331,17
1,1332,17
1,1067,17
1,248,17
1,1333,17
1,249,17
1,1334,17
1,1335,17
1,1336,17
1,1337,17
1,1069,17
1,1338,17
1,1339,17
1,952,17
1,1340,17
1,1341,17
1,1342,17
1,250,17
1,1343,17
1,1344,17
1,1345,17
1,1346,17
1,1347,17
1,1348,17
1,1349,17
1,1350,17
1,1351,17
1,1352,17
1,1353,17
1,958,17
1,251,17
1,1354,17
1,1355,17
1,961,17
1,252,17
1,1074,17
1,1356,17
1,1075,17
1,1357,17
1,1358,17
1,1359,17
1,253,17
1,1077,17
1,254,17
1,1360,17
1,255,17
1,1361,17
1,1362,17
1,1363,17
1,1364,17
1,966,17
1,1080,17
1,1365,17
1,1366,17
1,1081,17
1,1367,17
1,1368,17
1,1083,17
1,1369,17
1,1370,17
1,1084,17
1,1085,17
1,1371,17
1,1372,17
1,1373,17
1,1374,17
1,1375,17
1,1376,17
1,1377,17
1,1378,17
1,1379,17
1,1380,17
1,1381,17
1,1382,17
1,1383,17
1,1384,17
1,1385,17
1,1386,17
1,1387,17
1,1388,17
1,1389,17
1,1390,17
1,1391,17
1,1092,17
1,1392,17
1,1393,17
1,1394,17
1,1395,17
1,1396,17
1,1397,17
1,1398,17
1,459,18
1,481,18
1,0,18
1,484,18
1,486,18
1,1399,18
1,488,18
1,489,18
1,492,18
1,291,18
1,460,18
1,971,18
1,2,18
1,1400,18
1,501,18
1,1401,18
1,505,18
1,4,18
1,510,18
1,513,18
1,517,18
1,518,18
1,1402,18
1,1403,18
1,522,18
1,524,18
1,464,18
1,527,18
1,530,18
1,531,18
1,533,18
1,1404,18
1,539,18
1,540,18
1,544,18
1,549,18
1,10,18
1,11,18
1,12,18
1,13,18
1,568,18
1,465,18
1,570,18
1,572,18
1,14,18
1,577,18
1,585,18
1,586,18
1,588,18
1,1405,18
1,16,18
1,307,18
1,1406,18
1,1407,18
1,599,18
1,600,18
1,601,18
1,17,18
1,1408,18
1,604,18
1,470,18
1,310,18
1,608,18
1,311,18
1,610,18
1,19,18
1,312,18
1,20,18
1,471,18
1,617,18
1,21,18
1,313,18
1,618,18
1,1409,18
1,620,18
1,621,18
1,622,18
1,1410,18
1,472,18
1,1411,18
1,473,18
1,1412,18
1,1413,18
1,1414,18
1,22,18
1,1415,18
1,632,18
1,633,18
1,634,18
1,636,18
1,1156,18
1,637,18
1,315,18
1,639,18
1,24,18
1,642,18
1,643,18
1,645,18
1,474,18
1,25,18
1,647,18
1,1416,18
1,649,18
1,652,18
1,653,18
1,26,18
1,1417,18
1,1418,18
1,659,18
1,663,18
1,320,18
1,664,18
1,1094,18
1,665,18
1,28,18
1,666,18
1,1419,18
1,1420,18
1,669,18
1,827,18
1,670,18
1,321,18
1,478,18
1,32,18
1,480,18
1,671,18
1,1421,18
1,1422,18
1,829,18
1,676,18
1,677,18
1,36,18
1,1158,18
1,37,18
1,1423,18
1,38,18
1,1424,18
1,324,18
1,684,18
1,686,18
1,687,18
1,261,18
1,1425,18
1,39,18
1,40,18
1,1426,18
1,1427,18
1,1096,18
1,1428,18
1,689,18
1,692,18
1,1429,18
1,1430,18
1,1431,18
1,694,18
1,1432,18
1,697,18
1,1433,18
1,698,18
1,1434,18
1,700,18
1,702,18
1,703,18
1,262,18
1,705,18
1,1435,18
1,1436,18
1,707,18
1,708,18
1,1437,18
1,331,18
1,1438,18
1,333,18
1,1439,18
1,1097,18
1,1440,18
1,1441,18
1,723,18
1,336,18
1,1442,18
1,1443,18
1,1444,18
1,1445,18
1,713,18
1,1446,18
1,1160,18
1,1447,18
1,862,18
1,54,18
1,55,18
1,831,18
1,1448,18
1,57,18
1,339,18
1,720,18
1,59,18
1,340,18
1,341,18
1,1449,18
1,343,18
1,61,18
1,63,18
1,64,18
1,65,18
1,1450,18
1,66,18
1,1099,18
1,346,18
1,1101,18
1,67,18
1,68,18
1,69,18
1,1028,18
1,72,18
1,74,18
1,1451,18
1,75,18
1,1138,18
1,1452,18
1,80,18
1,81,18
1,1453,18
1,82,18
1,354,18
1,83,18
1,1109,18
1,1454,18
1,84,18
1,86,18
1,1455,18
1,88,18
1,1456,18
1,865,18
1,1457,18
1,1458,18
1,1459,18
1,1460,18
1,1461,18
1,1462,18
1,1463,18
1,1464,18
1,1029,18
1,1465,18
1,1165,18
1,1466,18
1,1467,18
1,269,18
1,1468,18
1,1469,18
1,1166,18
1,1139,18
1,1470,18
1,91,18
1,1471,18
1,1472,18
1,1473,18
1,360,18
1,1474,18
1,92,18
1,994,18
1,1475,18
1,1476,18
1,1477,18
1,1478,18
1,1479,18
1,1480,18
1,1481,18
1,1482,18
1,1483,18
1,1484,18
1,1485,18
1,1486,18
1,96,18
1,97,18
1,1030,18
1,1487,18
1,1167,18
1,1488,18
1,1489,18
1,98,18
1,1490,18
1,1491,18
1,1492,18
1,1493,18
1,99,18
1,100,18
1,1494,18
1,726,18
1,1495,18
1,1006,18
1,1496,18
1,1497,18
1,363,18
1,1498,18
1,727,18
1,1499,18
1,102,18
1,104,18
1,105,18
1,1500,18
1,1501,18
1,1031,18
1,1502,18
1,1503,18
1,1504,18
1,106,18
1,1505,18
1,1506,18
1,1507,18
1,1508,18
1,1509,18
1,1510,18
1,1511,18
1,1512,18
1,1513,18
1,107,18
1,1514,18
1,1515,18
1,1516,18
1,108,18
1,1517,18
1,1518,18
1,729,18
1,1519,18
1,111,18
1,1520,18
1,1521,18
1,1522,18
1,1523,18
1,368,18
1,1524,18
1,1525,18
1,1526,18
1,1527,18
1,1528,18
1,989,18
1,371,18
1,1529,18
1,1530,18
1,372,18
1,1531,18
1,373,18
1,1532,18
1,374,18
1,1032,18
1,1533,18
1,730,18
1,990,18
1,1534,18
1,112,18
1,1535,18
1,377,18
1,1169,18
1,1536,18
1,115,18
1,380,18
1,1537,18
1,1538,18
1,1539,18
1,1540,18
1,1541,18
1,1542,18
1,116,18
1,1033,18
1,991,18
1,1543,18
1,1544,18
1,117,18
1,835,18
1,118,18
1,1545,18
1,1546,18
1,1547,18
1,1548,18
1,992,18
1,121,18
1,1549,18
1,1550,18
1,1551,18
1,1552,18
1,1553,18
1,1554,18
1,122,18
1,123,18
1,1555,18
1,1556,18
1,124,18
1,1557,18
1,1558,18
1,996,18
1,126,18
1,1034,18
1,1559,18
1,1560,18
1,1561,18
1,129,18
1,1562,18
1,997,18
1,132,18
1,1563,18
1,1564,18
1,1565,18
1,133,18
1,1566,18
1,1567,18
1,1568,18
1,1569,18
1,135,18
1,136,18
1,1570,18
1,138,18
1,1571,18
1,384,18
1,1572,18
1,385,18
1,1573,18
1,1574,18
1,1575,18
1,1576,18
1,140,18
1,1171,18
1,386,18
1,141,18
1,387,18
1,1577,18
1,1578,18
1,1579,18
1,1580,18
1,1581,18
1,1582,18
1,1583,18
1,1584,18
1,142,18
1,1585,18
1,1586,18
1,1587,18
1,1588,18
1,1589,18
1,1590,18
1,1591,18
1,1592,18
1,1593,18
1,1594,18
1,1595,18
1,1596,18
1,1597,18
1,1598,18
1,147,18
1,1599,18
1,1600,18
1,393,18
1,1601,18
1,1602,18
1,1603,18
1,1604,18
1,1605,18
1,150,18
1,1606,18
1,1607,18
1,1608,18
1,153,18
1,1609,18
1,1610,18
1,154,18
1,1611,18
1,1612,18
1,1613,18
1,272,18
1,1614,18
1,1615,18
1,156,18
1,1616,18
1,1617,18
1,1618,18
1,1619,18
1,1620,18
1,395,18
1,1621,18
1,158,18
1,159,18
1,999,18
1,1114,18
1,1622,18
1,1623,18
1,161,18
1,1624,18
1,1625,18
1,162,18
1,1626,18
1,1627,18
1,1628,18
1,1629,18
1,1630,18
1,165,18
1,1000,18
1,1001,18
1,1631,18
1,1632,18
1,1633,18
1,169,18
1,1634,18
1,170,18
1,171,18
1,172,18
1,1635,18
1,1636,18
1,176,18
1,1637,18
1,1638,18
1,398,18
1,1639,18
1,1002,18
1,1640,18
1,178,18
1,733,18
1,1178,18
1,1641,18
1,1642,18
1,179,18
1,734,18
1,1643,18
1,1644,18
1,1645,18
1,1116,18
1,1646,18
1,1647,18
1,1648,18
1,400,18
1,401,18
1,1649,18
1,403,18
1,1650,18
1,181,18
1,1651,18
1,1652,18
1,1653,18
1,1654,18
1,1655,18
1,1656,18
1,1657,18
1,1658,18
1,183,18
1,1659,18
1,1660,18
1,1661,18
1,1662,18
1,1663,18
1,1664,18
1,1665,18
1,839,18
1,1666,18
1,186,18
1,1179,18
1,1667,18
1,1181,18
1,191,18
1,1668,18
1,192,18
1,193,18
1,1669,18
1,196,18
1,1670,18
1,1671,18
1,1672,18
1,1673,18
1,1674,18
1,197,18
1,198,18
1,1675,18
1,1141,18
1,1676,18
1,409,18
1,1677,18
1,199,18
1,1678,18
1,1679,18
1,1680,18
1,1681,18
1,1682,18
1,1182,18
1,1683,18
1,1684,18
1,1685,18
1,1686,18
1,1119,18
1,1687,18
1,735,18
1,1688,18
1,1037,18
1,414,18
1,204,18
1,1689,18
1,1690,18
1,1691,18
1,1692,18
1,1693,18
1,1694,18
1,205,18
1,206,18
1,1695,18
1,207,18
1,1696,18
1,416,18
1,1183,18
1,1697,18
1,1142,18
1,1698,18
1,1699,18
1,208,18
1,1010,18
1,1700,18
1,1701,18
1,1702,18
1,1703,18
1,1704,18
1,418,18
1,1705,18
1,1706,18
1,1707,18
1,1708,18
1,1709,18
1,1710,18
1,1711,18
1,1712,18
1,1713,18
1,1714,18
1,1715,18
1,1011,18
1,1716,18
1,1717,18
1,1718,18
1,211,18
1,213,18
1,214,18
1,1719,18
1,1720,18
1,1721,18
1,1722,18
1,1723,18
1,215,18
1,421,18
1,1724,18
1,1725,18
1,216,18
1,1726,18
1,1038,18
1,1727,18
1,1728,18
1,1729,18
1,1039,18
1,1730,18
1,1731,18
1,1732,18
1,1040,18
1,1733,18
1,1734,18
1,1735,18
1,1736,18
1,218,18
1,1737,18
1,424,18
1,1738,18
1,1739,18
1,1740,18
1,737,18
1,1013,18
1,1741,18
1,221,18
1,1122,18
1,1742,18
1,1743,18
1,1744,18
1,1745,18
1,1746,18
1,1747,18
1,1748,18
1,1749,18
1,1750,18
1,1751,18
1,1752,18
1,1753,18
1,1014,18
1,225,18
1,1754,18
1,226,18
1,1755,18
1,1186,18
1,1756,18
1,1757,18
1,1758,18
1,1759,18
1,1760,18
1,1187,18
1,227,18
1,1761,18
1,1016,18
1,1762,18
1,228,18
1,1763,18
1,1764,18
1,1765,18
1,1766,18
1,1767,18
1,481,19
1,485,19
1,488,19
1,460,19
1,1400,19
1,1402,19
1,527,19
1,562,19
1,573,19
1,597,19
1,20,19
1,471,19
1,476,19
1,1419,19
1,827,19
1,321,19
1,479,19
1,322,19
1,34,19
1,37,19
1,684,19
1,261,19
1,692,19
1,695,19
1,700,19
1,329,19
1,263,19
1,43,19
1,713,19
1,1768,19
1,1769,19
1,1770,19
1,1771,19
1,1772,19
1,1447,19
1,1773,19
1,51,19
1,862,19
1,52,19
1,53,19
1,54,19
1,55,19
1,1774,19
1,59,19
1,863,19
1,64,19
1,1099,19
1,87,19
1,1460,19
1,1467,19
1,1473,19
1,1485,19
1,1775,19
1,1492,19
1,1507,19
1,1513,19
1,1525,19
1,995,19
1,374,19
1,1534,19
1,378,19
1,117,19
1,1776,19
1,119,19
1,121,19
1,123,19
1,124,19
1,1777,19
1,126,19
1,270,19
1,1034,19
1,1778,19
1,1035,19
1,1779,19
1,1780,19
1,127,19
1,1561,19
1,130,19
1,997,19
1,134,19
1,1781,19
1,135,19
1,1570,19
1,137,19
1,139,19
1,1574,19
1,1592,19
1,837,19
1,1600,19
1,1607,19
1,1782,19
1,1783,19
1,169,19
1,176,19
1,1639,19
1,178,19
1,733,19
1,1641,19
1,1647,19
1,180,19
1,402,19
1,1652,19
1,1658,19
1,1784,19
1,193,19
1,198,19
1,735,19
1,1785,19
1,1786,19
1,1787,19
1,1010,19
1,1700,19
1,1711,19
1,1712,19
1,1713,19
1,420,19
1,1788,19
1,1789,19
1,1724,19
1,1039,19
1,1790,19
1,1040,19
1,1733,19
1,1791,19
1,1041,19
1,1792,19
1,218,19
1,1793,19
1,737,19
1,1013,19
1,226,19
1,1186,19
1,1015,19
1,1794,19
1,1760,19
1,227,19
1,1795,19
1,866,19
1,427,19
1,1796,19
1,429,19
1,1797,19
1,740,19
1,1798,19
1,1799,19
1,1800,19
1,741,19
1,430,19
1,1801,19
1,432,19
1,1802,19
1,1803,19
1,1042,19
1,1804,19
1,435,19
1,436,19
1,1805,19
1,1806,19
1,1807,19
1,1808,19
1,1809,19
1,443,19
1,1810,19
1,445,19
1,1811,19
1,1812,19
1,744,19
1,449,19
1,745,19
1,1813,19
1,1814,19
1,1815,19
1,1816,19
1,746,19
1,1817,19
1,1818,19
1,867,19
1,1819,19
1,1820,19
1,1821,19
1,452,19
1,747,19
1,748,19
1,1822,19
1,1043,19
1,1823,19
1,1824,19
1,1825,19
1,1194,19
1,1826,19
1,1827,19
1,1828,19
1,1829,19
1,751,19
1,456,19
1,1830,19
1,1831,19
1,1832,19
1,753,19
1,754,19
1,1833,19
1,1834,19
1,1835,19
1,1836,19
1,1837,19
1,1838,19
1,755,19
1,1839,19
1,1840,19
1,1841,19
1,1842,19
1,756,19
1,1843,19
1,757,19
1,1844,19
1,1198,19
1,1845,19
1,758,19
1,1846,19
1,847,19
1,761,19
1,1847,19
1,848,19
1,762,19
1,1848,19
1,1202,19
1,1849,19
1,1850,19
1,763,19
1,764,19
1,765,19
1,766,19
1,1851,19
1,1852,19
1,1853,19
1,1854,19
1,1855,19
1,1856,19
1,767,19
1,1857,19
1,1858,19
1,768,19
1,459,20
1,481,20
1,486,20
1,492,20
1,1859,20
1,971,20
1,1400,20
1,525,20
1,531,20
1,533,20
1,14,20
1,588,20
1,15,20
1,612,20
1,19,20
1,471,20
1,21,20
1,618,20
1,634,20
1,25,20
1,26,20
1,1094,20
1,1419,20
1,827,20
1,321,20
1,478,20
1,32,20
1,480,20
1,36,20
1,687,20
1,39,20
1,1427,20
1,1096,20
1,41,20
1,1027,20
1,330,20
1,1134,20
1,1099,20
1,67,20
1,69,20
1,1028,20
1,72,20
1,74,20
1,1136,20
1,1105,20
1,80,20
1,83,20
1,84,20
1,88,20
1,977,20
1,360,20
1,1030,20
1,1167,20
1,99,20
1,100,20
1,232,20
1,987,20
1,1513,20
1,1032,20
1,990,20
1,116,20
1,1033,20
1,991,20
1,1776,20
1,835,20
1,118,20
1,836,20
1,1555,20
1,1779,20
1,133,20
1,1574,20
1,140,20
1,144,20
1,271,20
1,1600,20
1,1860,20
1,1861,20
1,1862,20
1,1863,20
1,272,20
1,163,20
1,1009,20
1,165,20
1,169,20
1,170,20
1,731,20
1,398,20
1,178,20
1,1178,20
1,179,20
1,734,20
1,1864,20
1,400,20
1,401,20
1,183,20
1,186,20
1,188,20
1,189,20
1,190,20
1,1181,20
1,191,20
1,192,20
1,1865,20
1,1866,20
1,194,20
1,195,20
1,1117,20
1,1118,20
1,1683,20
1,735,20
1,207,20
1,1185,20
1,216,20
1,218,20
1,219,20
1,737,20
1,1867,20
1,1868,20
1,1869,20
1,220,20
1,1870,20
1,227,20
1,1871,20
1,738,20
1,1796,20
1,1872,20
1,1799,20
1,1873,20
1,1874,20
1,1875,20
1,744,20
1,1818,20
1,1876,20
1,1877,20
1,1878,20
1,1821,20
1,748,20
1,1879,20
1,1822,20
1,751,20
1,456,20
1,752,20
1,1125,20
1,753,20
1,755,20
1,1880,20
1,1839,20
1,1197,20
1,756,20
1,757,20
1,1198,20
1,758,20
1,759,20
1,847,20
1,1199,20
1,1881,20
1,763,20
1,851,20
1,764,20
1,765,20
1,873,20
1,1854,20
1,768,20
1,1208,20
1,1882,20
1,770,20
1,1211,20
1,233,20
1,772,20
1,877,20
1,773,20
1,774,20
1,1221,20
1,1047,20
1,1883,20
1,1884,20
1,1885,20
1,1886,20
1,778,20
1,779,20
1,886,20
1,1887,20
1,782,20
1,1048,20
1,783,20
1,234,20
1,1888,20
1,794,20
1,797,20
1,798,20
1,1889,20
1,1236,20
1,801,20
1,1890,20
1,891,20
1,892,20
1,805,20
1,806,20
1,1238,20
1,808,20
1,1239,20
1,894,20
1,809,20
1,811,20
1,1240,20
1,1891,20
1,1242,20
1,1247,20
1,1892,20
1,895,20
1,1893,20
1,1894,20
1,1249,20
1,1250,20
1,1895,20
1,1896,20
1,816,20
1,1897,20
1,1898,20
1,1899,20
1,1900,20
1,823,20
1,825,20
1,1901,20
1,1052,20
1,1902,20
1,899,20
1,1903,20
1,1904,20
1,1905,20
1,1263,20
1,1906,20
1,1267,20
1,1268,20
1,1907,20
1,902,20
1,1908,20
1,1277,20
1,1909,20
1,237,20
1,1910,20
1,1054,20
1,1911,20
1,1912,20
1,1281,20
1,1282,20
1,1913,20
1,1284,20
1,908,20
1,1914,20
1,1915,20
1,911,20
1,1056,20
1,1916,20
1,1291,20
1,1917,20
1,1918,20
1,915,20
1,1296,20
1,916,20
1,1919,20
1,1920,20
1,917,20
1,1060,20
1,289,20
1,1921,20
1,926,20
1,927,20
1,1922,20
1,1923,20
1,1303,20
1,1924,20
1,1307,20
1,1925,20
1,1311,20
1,1312,20
1,1313,20
1,1133,20
1,1926,20
1,243,20
1,1927,20
1,1928,20
1,1314,20
1,1315,20
1,1929,20
1,1152,20
1,1930,20
1,1931,20
1,1932,20
1,1933,20
1,934,20
1,1934,20
1,1063,20
1,1935,20
1,1936,20
1,1327,20
1,1937,20
1,1938,20
1,1330,20
1,1939,20
1,1940,20
1,1066,20
1,1941,20
1,1067,20
1,248,20
1,1942,20
1,1943,20
1,1944,20
1,1945,20
1,1946,20
1,1947,20
1,1948,20
1,946,20
1,1949,20
1,1335,20
1,948,20
1,1950,20
1,1951,20
1,950,20
1,1952,20
1,1953,20
1,952,20
1,1340,20
1,250,20
1,1954,20
1,1070,20
1,1345,20
1,1955,20
1,1956,20
1,1957,20
1,1958,20
1,1959,20
1,1348,20
1,954,20
1,955,20
1,1960,20
1,1961,20
1,1962,20
1,1963,20
1,1964,20
1,1965,20
1,1966,20
1,956,20
1,1072,20
1,1967,20
1,1968,20
1,1969,20
1,1970,20
1,1352,20
1,1353,20
1,958,20
1,1971,20
1,1972,20
1,959,20
1,251,20
1,1973,20
1,1974,20
1,1975,20
1,1976,20
1,960,20
1,1977,20
1,1978,20
1,1979,20
1,1980,20
1,1981,20
1,961,20
1,252,20
1,1982,20
1,1983,20
1,1984,20
1,1074,20
1,1985,20
1,1986,20
1,1987,20
1,1356,20
1,1988,20
1,1989,20
1,1075,20
1,1990,20
1,1991,20
1,963,20
1,1992,20
1,1993,20
1,1077,20
1,1994,20
1,1995,20
1,1078,20
1,1996,20
1,1997,20
1,1998,20
1,1361,20
1,1362,20
1,1999,20
1,2000,20
1,2001,20
1,2002,20
1,2003,20
1,2004,20
1,2005,20
1,966,20
1,2006,20
1,2007,20
1,256,20
1,1080,20
1,1365,20
1,2008,20
1,1366,20
1,1081,20
1,1082,20
1,2009,20
1,2010,20
1,2011,20
1,2012,20
1,2013,20
1,2014,20
1,1085,20
1,2015,20
1,2016,20
1,2017,20
1,2018,20
1,2019,20
1,968,20
1,2020,20
1,2021,20
1,2022,20
1,2023,20
1,2024,20
1,2025,20
1,2026,20
1,2027,20
1,1086,20
1,2028,20
1,2029,20
1,1088,20
1,2030,20
1,2031,20
1,1390,20
1,2032,20
1,2033,20
1,2034,20
1,2035,20
1,1392,20
1,2036,20
1,1402,21
1,10,21
1,465,21
1,231,21
1,19,21
1,1094,21
1,1027,21
1,56,21
1,1101,21
1,1104,21
1,2037,21
1,2038,21
1,125,21
1,2039,21
1,837,21
1,1009,21
1,1116,21
1,191,21
1,1668,21
1,2040,21
1,275,21
1,421,21
1,216,21
1,218,21
1,1186,21
1,428,21
1,276,21
1,430,21
1,2041,21
1,435,21
1,438,21
1,2042,21
1,443,21
1,744,21
1,1828,21
1,1124,21
1,751,21
1,2043,21
1,1831,21
1,753,21
1,754,21
1,1833,21
1,1835,21
1,1844,21
1,1198,21
1,760,21
1,2044,21
1,1201,21
1,2045,21
1,763,21
1,855,21
1,875,21
1,1045,21
1,770,21
1,2046,21
1,1147,21
1,233,21
1,1217,21
1,774,21
1,1129,21
1,1047,21
1,2047,21
1,2048,21
1,1227,21
1,234,21
1,793,21
1,794,21
1,796,21
1,2049,21
1,890,21
1,2050,21
1,1149,21
1,1238,21
1,809,21
1,2051,21
1,1243,21
1,1246,21
1,813,21
1,1247,21
1,2052,21
1,2053,21
1,1250,21
1,2054,21
1,1132,21
1,236,21
1,1051,21
1,823,21
1,1052,21
1,1261,21
1,2055,21
1,2056,21
1,902,21
1,2057,21
1,1273,21
1,1274,21
1,2058,21
1,2059,21
1,903,21
1,2060,21
1,2061,21
1,237,21
1,1054,21
1,1055,21
1,2062,21
1,909,21
1,2063,21
1,1915,21
1,2064,21
1,2065,21
1,239,21
1,1151,21
1,2066,21
1,915,21
1,1296,21
1,1059,21
1,1060,21
1,2067,21
1,926,21
1,1307,21
1,1,22
1,2068,22
1,291,22
1,3,22
1,294,22
1,2069,22
1,2070,22
1,588,22
1,15,22
1,469,22
1,2071,22
1,1155,22
1,638,22
1,1094,22
1,35,22
1,2072,22
1,722,22
1,1159,22
1,1027,22
1,1435,22
1,331,22
1,334,22
1,1097,22
1,44,22
1,723,22
1,1134,22
1,2073,22
1,60,22
1,61,22
1,66,22
1,2074,22
1,1101,22
1,349,22
1,1028,22
1,350,22
1,70,22
1,71,22
1,1162,22
1,73,22
1,74,22
1,2075,22
1,2076,22
1,1136,22
1,77,22
1,2077,22
1,2078,22
1,2079,22
1,2080,22
1,1164,22
1,2081,22
1,2082,22
1,1106,22
1,82,22
1,355,22
1,2083,22
1,2084,22
1,2085,22
1,2086,22
1,102,22
1,2087,22
1,1515,22
1,2088,22
1,2089,22
1,2090,22
1,2037,22
1,2091,22
1,381,22
1,1140,22
1,395,22
1,164,22
1,2092,22
1,2093,22
1,2094,22
1,2095,22
1,180,22
1,2096,22
1,1180,22
1,1117,22
1,2097,22
1,1119,22
1,2098,22
1,2099,22
1,1718,22
1,1185,22
1,1144,22
1,2100,22
1,276,22
1,430,22
1,435,22
1,443,22
1,2101,22
1,1125,22
1,1833,22
1,2102,22
1,762,22
1,1126,22
1,1044,22
1,2103,22
1,2104,22
1,1210,22
1,2105,22
1,2106,22
1,2107,22
1,1214,22
1,2108,22
1,233,22
1,2109,22
1,2110,22
1,2111,22
1,2112,22
1,1128,22
1,2113,22
1,1047,22
1,2114,22
1,2115,22
1,2116,22
1,2117,22
1,2118,22
1,2119,22
1,782,22
1,794,22
1,1,23
1,291,23
1,3,23
1,531,23
1,465,23
1,15,23
1,16,23
1,231,23
1,19,23
1,24,23
1,29,23
1,33,23
1,35,23
1,39,23
1,41,23
1,1448,23
1,68,23
1,69,23
1,76,23
1,725,23
1,83,23
1,1456,23
1,977,23
1,92,23
1,1030,23
1,100,23
1,1008,23
1,1031,23
1,1503,23
1,728,23
1,232,23
1,729,23
1,120,23
1,133,23
1,1569,23
1,144,23
1,2120,23
1,998,23
1,272,23
1,165,23
1,169,23
1,2093,23
1,186,23
1,202,23
1,2121,23
1,218,23
1,435,23
1,1190,23
1,1812,23
1,1876,23
1,1879,23
1,2122,23
1,1125,23
1,754,23
1,2123,23
1,1198,23
1,758,23
1,2045,23
1,2124,23
1,1203,23
1,871,23
1,1127,23
1,773,23
1,882,23
1,1227,23
1,1131,23
1,892,23
1,2125,23
1,894,23
1,2051,23
1,2126,23
1,1248,23
1,1250,23
1,1897,23
1,2054,23
1,2127,23
1,823,23
1,899,23
1,1904,23
1,902,23
1,2128,23
1,237,23
1,1910,23
1,1281,23
1,2129,23
1,2130,23
1,911,23
1,1289,23
1,913,23
1,239,23
1,1151,23
1,916,23
1,1060,23
1,921,23
1,243,23
1,2131,23
1,248,23
1,1333,23
1,1947,23
1,950,23
1,1069,23
1,2132,23
1,1075,23
1,966,23
1,1080,23
1,2133,23
1,1084,23
1,2014,23
1,1085,23
1,1372,23
1,12,24
1,14,24
1,27,24
1,69,24
1,120,24
1,165,24
1,218,24
1,753,24
1,764,24
1,774,24
1,237,24
1,1054,24
1,1055,24
1,239,24
1,915,24
1,241,24
1,243,24
1,248,24
1,1361,24
1,2134,24
1,2135,24
1,2136,24
1,1395,24
1,1396,24
1,2137,24
1,2138,24
1,486,25
1,460,25
1,2,25
1,463,25
1,464,25
1,531,25
1,539,25
1,549,25
1,557,25
1,584,25
1,15,25
1,469,25
1,470,25
1,18,25
1,19,25
1,472,25
1,633,25
1,638,25
1,24,25
1,32,25
1,33,25
1,459,26
1,481,26
1,460,26
1,1400,26
1,502,26
1,504,26
1,297,26
1,527,26
1,2139,26
1,14,26
1,16,26
1,19,26
1,471,26
1,21,26
1,2140,26
1,639,26
1,25,26
1,31,26
1,322,26
1,36,26
1,37,26
1,38,26
1,40,26
1,1096,26
1,41,26
1,692,26
1,695,26
1,2141,26
1,330,26
1,1439,26
1,1097,26
1,335,26
1,723,26
1,2142,26
1,713,26
1,1768,26
1,1771,26
1,1447,26
1,1773,26
1,1774,26
1,2143,26
1,64,26
1,724,26
1,65,26
1,1099,26
1,67,26
1,68,26
1,69,26
1,1028,26
1,1102,26
1,1103,26
1,72,26
1,77,26
1,864,26
1,353,26
1,2144,26
1,84,26
1,1110,26
1,2145,26
1,359,26
1,1165,26
1,2146,26
1,92,26
1,1482,26
1,1492,26
1,100,26
1,726,26
1,1495,26
1,2147,26
1,987,26
1,995,26
1,374,26
1,112,26
1,378,26
1,2091,26
1,118,26
1,2148,26
1,1552,26
1,122,26
1,124,26
1,1777,26
1,270,26
1,1035,26
1,129,26
1,997,26
1,133,26
1,2149,26
1,385,26
1,2150,26
1,139,26
1,140,26
1,1592,26
1,2151,26
1,1600,26
1,153,26
1,1609,26
1,159,26
1,163,26
1,2152,26
1,2153,26
1,1783,26
1,170,26
1,171,26
1,1639,26
1,1641,26
1,2154,26
1,2155,26
1,187,26
1,1180,26
1,192,26
1,197,26
1,2156,26
1,201,26
1,1686,26
1,735,26
1,1785,26
1,203,26
1,206,26
1,2157,26
1,213,26
1,2158,26
1,1721,26
1,215,26
1,216,26
1,422,26
1,2159,26
1,1041,26
1,2160,26
1,1144,26
1,1870,26
1,1186,26
1,2161,26
1,228,26
1,2162,26
1,230,26
1,1,27
1,490,27
1,290,27
1,2163,27
1,258,27
1,291,27
1,2,27
1,3,27
1,504,27
1,515,27
1,6,27
1,525,27
1,2164,27
1,530,27
1,1026,27
1,2165,27
1,556,27
1,465,27
1,14,27
1,468,27
1,588,27
1,15,27
1,469,27
1,16,27
1,231,27
1,603,27
1,309,27
1,18,27
1,610,27
1,19,27
1,621,27
1,2166,27
1,1156,27
1,2167,27
1,24,27
1,474,27
1,316,27
1,25,27
1,2168,27
1,2169,27
1,656,27
1,660,27
1,27,27
1,974,27
1,1094,27
1,30,27
1,1157,27
1,478,27
1,31,27
1,32,27
1,33,27
1,323,27
1,35,27
1,2170,27
1,259,27
1,1095,27
1,2171,27
1,1425,27
1,39,27
1,40,27
1,1159,27
1,41,27
1,2172,27
1,1027,27
1,328,27
1,329,27
1,723,27
1,715,27
1,1134,27
1,56,27
1,1448,27
1,60,27
1,61,27
1,63,27
1,832,27
1,724,27
1,2173,27
1,1450,27
1,66,27
1,2174,27
1,67,27
1,68,27
1,69,27
1,349,27
1,1028,27
1,1102,27
1,70,27
1,71,27
1,1135,27
1,72,27
1,73,27
1,74,27
1,1451,27
1,1136,27
1,77,27
1,1105,27
1,2078,27
1,1138,27
1,80,27
1,1164,27
1,2082,27
1,2175,27
1,81,27
1,355,27
1,2176,27
1,85,27
1,1110,27
1,2177,27
1,1165,27
1,976,27
1,269,27
1,1166,27
1,2178,27
1,362,27
1,2179,27
1,97,27
1,1030,27
1,100,27
1,726,27
1,101,27
1,1006,27
1,983,27
1,727,27
1,102,27
1,104,27
1,364,27
1,1500,27
1,1031,27
1,2180,27
1,728,27
1,232,27
1,1168,27
1,107,27
1,1515,27
1,1516,27
1,2181,27
1,2090,27
1,1535,27
1,2038,27
1,1542,27
1,116,27
1,118,27
1,2182,27
1,836,27
1,120,27
1,125,27
1,1557,27
1,132,27
1,141,27
1,1140,27
1,2183,27
1,1579,27
1,143,27
1,2184,27
1,1036,27
1,146,27
1,148,27
1,2185,27
1,1863,27
1,1175,27
1,155,27
1,1114,27
1,161,27
1,1626,27
1,164,27
1,165,27
1,166,27
1,2186,27
1,170,27
1,398,27
1,2093,27
1,733,27
1,1178,27
1,179,27
1,400,27
1,401,27
1,2187,27
1,183,27
1,2188,27
1,2096,27
1,186,27
1,187,27
1,1180,27
1,2189,27
1,191,27
1,1668,27
1,192,27
1,196,27
1,2040,27
1,2190,27
1,197,27
1,199,27
1,2191,27
1,2192,27
1,2193,27
1,202,27
1,1037,27
1,2194,27
1,840,27
1,1120,27
1,414,27
1,204,27
1,2195,27
1,2196,27
1,2197,27
1,2198,27
1,2199,27
1,2200,27
1,2201,27
1,2202,27
1,2203,27
1,1184,27
1,1010,27
1,417,27
1,841,27
1,2204,27
1,209,27
1,420,27
1,1121,27
1,1038,27
1,422,27
1,1039,27
1,1040,27
1,2205,27
1,1041,27
1,2121,27
1,218,27
1,1144,27
1,1122,27
1,222,27
1,1794,27
1,2206,27
1,227,27
1,428,27
1,739,27
1,276,27
1,2207,27
1,429,27
1,2208,27
1,741,27
1,430,27
1,1021,27
1,2041,27
1,1803,27
1,1042,27
1,435,27
1,438,27
1,2209,27
1,2210,27
1,743,27
1,443,27
1,2211,27
1,2212,27
1,1191,27
1,2213,27
1,1813,27
1,746,27
1,1817,27
1,1818,27
1,2214,27
1,2215,27
1,2216,27
1,1824,27
1,2217,27
1,2122,27
1,750,27
1,1124,27
1,455,27
1,753,27
1,754,27
1,2218,27
1,2219,27
1,2220,27
1,2221,27
1,2222,27
1,2223,27
1,2224,27
1,756,27
1,757,27
1,1198,27
1,758,27
1,2225,27
1,760,27
1,761,27
1,2226,27
1,2044,27
1,1848,27
1,2227,27
1,2228,27
1,2229,27
1,1126,27
1,1203,27
1,2230,27
1,764,27
1,2231,27
1,856,27
1,765,27
1,1205,27
1,1853,27
1,2232,27
1,767,27
1,768,27
1,1209,27
1,2233,27
1,1045,27
1,769,27
1,2234,27
1,770,27
1,1211,27
1,2235,27
1,2236,27
1,2237,27
1,2046,27
1,2238,27
1,1214,27
1,2239,27
1,2240,27
1,1147,27
1,233,27
1,2241,27
1,772,27
1,2242,27
1,2243,27
1,2244,27
1,2245,27
1,2246,27
1,2247,27
1,2248,27
1,2249,27
1,2250,27
1,2113,27
1,773,27
1,774,27
1,2251,27
1,1129,27
1,1047,27
1,776,27
1,885,27
1,2252,27
1,2253,27
1,2254,27
1,2255,27
1,2256,27
1,2257,27
1,2258,27
1,2259,27
1,777,27
1,1225,27
1,2260,27
1,2261,27
1,2262,27
1,2263,27
1,782,27
1,1226,27
1,1048,27
1,783,27
1,234,27
1,2264,27
1,2265,27
1,2266,27
1,2267,27
1,791,27
1,1229,27
1,2268,27
1,794,27
1,796,27
1,2269,27
1,2270,27
1,2271,27
1,1231,27
1,2272,27
1,2273,27
1,2274,27
1,2275,27
1,2276,27
1,2277,27
1,2278,27
1,1130,27
1,2279,27
1,2280,27
1,1234,27
1,2049,27
1,890,27
1,800,27
1,2281,27
1,2282,27
1,2283,27
1,2284,27
1,806,27
1,1238,27
1,2285,27
1,808,27
1,2286,27
1,2287,27
1,894,27
1,809,27
1,811,27
1,1240,27
1,812,27
1,1241,27
1,2051,27
1,2288,27
1,2289,27
1,2290,27
1,1243,27
1,1244,27
1,2291,27
1,2292,27
1,813,27
1,1248,27
1,2293,27
1,2294,27
1,2295,27
1,2296,27
1,2297,27
1,2298,27
1,895,27
1,896,27
1,1894,27
1,2299,27
1,2300,27
1,2053,27
1,2301,27
1,2302,27
1,2303,27
1,2304,27
1,2305,27
1,1250,27
1,2306,27
1,1251,27
1,2307,27
1,1253,27
1,2308,27
1,2309,27
1,1255,27
1,2310,27
1,898,27
1,2311,27
1,2312,27
1,2313,27
1,2314,27
1,2315,27
1,236,27
1,2316,27
1,1050,27
1,1051,27
1,821,27
1,2317,27
1,2318,27
1,823,27
1,824,27
1,2319,27
1,1259,27
1,2320,27
1,2321,27
1,2322,27
1,2323,27
1,2324,27
1,2325,27
1,2326,27
1,1261,27
1,899,27
1,2327,27
1,2328,27
1,2329,27
1,2055,27
1,2330,27
1,1262,27
1,2331,27
1,2332,27
1,1906,27
1,2333,27
1,2334,27
1,1267,27
1,902,27
1,2057,27
1,2335,27
1,2336,27
1,2337,27
1,2338,27
1,2339,27
1,2340,27
1,1270,27
1,1271,27
1,2341,27
1,1272,27
1,1273,27
1,2342,27
1,2343,27
1,1274,27
1,2058,27
1,2344,27
1,2345,27
1,1053,27
1,903,27
1,2346,27
1,2347,27
1,2060,27
1,2348,27
1,2128,27
1,1276,27
1,1277,27
1,1278,27
1,2349,27
1,237,27
1,2350,27
1,2351,27
1,2352,27
1,1054,27
1,1911,27
1,2353,27
1,1283,27
1,2354,27
1,1055,27
1,2355,27
1,2356,27
1,2357,27
1,1285,27
1,2358,27
1,2359,27
1,2360,27
1,2361,27
1,2362,27
1,2129,27
1,2130,27
1,2363,27
1,2364,27
1,2365,27
1,2366,27
1,2063,27
1,2367,27
1,2368,27
1,2369,27
1,2370,27
1,2371,27
1,2372,27
1,2373,27
1,2374,27
1,2375,27
1,2376,27
1,2377,27
1,2378,27
1,1915,27
1,911,27
1,2379,27
1,2380,27
1,2381,27
1,2064,27
1,1057,27
1,2382,27
1,1150,27
1,1289,27
1,2383,27
1,2384,27
1,2385,27
1,2386,27
1,2387,27
1,2388,27
1,2389,27
1,1058,27
1,1295,27
1,1151,27
1,1917,27
1,2390,27
1,1060,27
1,2391,27
1,2392,27
1,2393,27
1,289,27
1,926,27
1,3,28
1,463,28
1,531,28
1,533,28
1,15,28
1,16,28
1,231,28
1,19,28
1,722,28
1,41,28
1,1027,28
1,331,28
1,263,28
1,723,28
1,2394,28
1,975,28
1,66,28
1,69,28
1,1102,28
1,2395,28
1,71,28
1,1135,28
1,73,28
1,77,28
1,78,28
1,2396,28
1,353,28
1,2144,28
1,84,28
1,267,28
1,2177,28
1,978,28
1,93,28
1,102,28
1,2397,28
1,2398,28
1,2399,28
1,2400,28
1,120,28
1,2401,28
1,1176,28
1,180,28
1,184,28
1,187,28
1,1180,28
1,2402,28
1,212,28
1,218,28
1,424,28
1,1144,28
1,743,28
1,1191,28
1,2403,28
1,2219,28
1,760,28
1,1205,28
1,1045,28
1,1213,28
1,2404,28
1,2405,28
1,2406,28
1,2407,28
1,1130,28
1,236,28
1,1050,28
1,1261,28
1,2058,28
1,1053,28
1,2408,28
1,1058,28
1,1060,28
1,244,28
1,934,28
1,1154,28
1,1327,28
1,2409,28
1,2410,28
1,250,28
1,1072,28
1,1356,28
1,1075,28
1,6,29
1,14,29
1,231,29
1,478,29
1,1134,29
1,67,29
1,69,29
1,1028,29
1,72,29
1,80,29
1,88,29
1,165,29
1,753,29
1,764,29
1,774,29
1,809,29
1,237,29
1,1054,29
1,1055,29
1,1151,29
1,915,29
1,243,29
1,248,29
1,1944,29
1,948,29
1,2411,29
1,1953,29
1,1980,29
1,252,29
1,1075,29
1,1077,29
1,1997,29
1,1362,29
1,1081,29
1,459,30
1,483,30
1,484,30
1,486,30
1,491,30
1,495,30
1,504,30
1,524,30
1,531,30
1,604,30
1,470,30
1,621,30
1,321,30
1,2412,30
1,2413,30
1,36,30
1,39,30
1,40,30
1,41,30
1,692,30
1,1025,30
1,1430,30
1,705,30
1,334,30
1,1134,30
1,339,30
1,59,30
1,2414,30
1,66,30
1,67,30
1,68,30
1,69,30
1,1028,30
1,74,30
1,2415,30
1,80,30
1,725,30
1,83,30
1,84,30
1,86,30
1,87,30
1,268,30
1,2416,30
1,1165,30
1,2417,30
1,2418,30
1,360,30
1,2419,30
1,994,30
1,230,30
1,459,31
1,0,31
1,1,31
1,484,31
1,290,31
1,494,31
1,495,31
1,496,31
1,291,31
1,461,31
1,462,31
1,3,31
1,293,31
1,294,31
1,504,31
1,2420,31
1,2421,31
1,515,31
1,516,31
1,523,31
1,524,31
1,464,31
1,2422,31
1,2423,31
1,556,31
1,560,31
1,2424,31
1,568,31
1,14,31
1,306,31
1,2070,31
1,583,31
1,15,31
1,595,31
1,231,31
1,598,31
1,603,31
1,604,31
1,309,31
1,610,31
1,312,31
1,616,31
1,972,31
1,473,31
1,636,31
1,2425,31
1,653,31
1,27,31
1,974,31
1,319,31
1,320,31
1,30,31
1,32,31
1,33,31
1,35,31
1,829,31
1,674,31
1,36,31
1,1158,31
1,37,31
1,680,31
1,324,31
1,687,31
1,39,31
1,40,31
1,1428,31
1,41,31
1,1025,31
1,2426,31
1,1430,31
1,694,31
1,696,31
1,262,31
1,705,31
1,707,31
1,334,31
1,715,31
1,1134,31
1,719,31
1,59,31
1,341,31
1,60,31
1,342,31
1,343,31
1,345,31
1,2427,31
1,347,31
1,67,31
1,68,31
1,69,31
1,78,31
1,1165,31
1,1467,31
1,360,31
1,2419,31
1,1475,31
1,1476,31
1,2085,31
1,2428,31
1,979,31
1,2429,31
1,2178,31
1,459,32
1,484,32
1,487,32
1,491,32
1,290,32
1,495,32
1,2430,32
1,291,32
1,460,32
1,461,32
1,462,32
1,499,32
1,3,32
1,294,32
1,2431,32
1,6,32
1,463,32
1,7,32
1,530,32
1,2422,32
1,11,32
1,558,32
1,304,32
1,2432,32
1,466,32
1,306,32
1,2070,32
1,588,32
1,15,32
1,469,32
1,589,32
1,2433,32
1,2434,32
1,231,32
1,2435,32
1,603,32
1,604,32
1,309,32
1,19,32
1,2436,32
1,2166,32
1,2437,32
1,1024,32
1,2438,32
1,24,32
1,316,32
1,646,32
1,649,32
1,653,32
1,2169,32
1,656,32
1,318,32
1,27,32
1,974,32
1,2439,32
1,2440,32
1,321,32
1,478,32
1,33,32
1,35,32
1,2441,32
1,2442,32
1,1159,32
1,326,32
1,2443,32
1,701,32
1,1435,32
1,263,32
1,43,32
1,2444,32
1,2445,32
1,2446,32
1,1161,32
1,58,32
1,832,32
1,2447,32
1,347,32
1,348,32
1,72,32
1,73,32
1,1164,32
1,2082,32
1,2176,32
1,2448,32
1,993,32
1,976,32
1,2449,32
1,2419,32
1,2450,32
1,2451,32
1,2452,32
1,2453,32
1,96,32
1,2454,32
1,1487,32
1,2455,32
1,100,32
1,727,32
1,1499,32
1,102,32
1,2456,32
1,2457,32
1,1008,32
1,364,32
1,2458,32
1,1031,32
1,1502,32
1,2459,32
1,2460,32
1,2180,32
1,728,32
1,232,32
1,365,32
1,987,32
1,108,32
1,729,32
1,2461,32
1,2462,32
1,111,32
1,2463,32
1,371,32
1,1529,32
1,990,32
1,377,32
1,120,32
1,125,32
1,270,32
1,1779,32
1,1563,32
1,2464,32
1,143,32
1,2184,32
1,145,32
1,1592,32
1,1593,32
1,2465,32
1,390,32
1,2466,32
1,391,32
1,1600,32
1,2467,32
1,2468,32
1,1608,32
1,2469,32
1,999,32
1,1114,32
1,2470,32
1,1626,32
1,164,32
1,165,32
1,166,32
1,2471,32
1,1864,32
1,400,32
1,2472,32
1,2473,32
1,486,33
1,4,33
1,6,33
1,525,33
1,9,33
1,231,33
1,19,33
1,312,33
1,621,33
1,478,33
1,41,33
1,1134,33
1,360,33
1,1030,33
1,100,33
1,728,33
1,1511,33
1,987,33
1,1523,33
1,1776,33
1,144,33
1,390,33
1,272,33
1,2469,33
1,165,33
1,169,33
1,170,33
1,731,33
1,400,33
1,1181,33
1,191,33
1,1117,33
1,199,33
1,216,33
1,219,33
1,1013,33
1,1014,33
1,227,33
1,1796,33
1,740,33
1,430,33
1,2474,33
1,443,33
1,445,33
1,744,33
1,745,33
1,1815,33
1,1816,33
1,1818,33
1,867,33
1,747,33
1,1043,33
1,750,33
1,1125,33
1,2475,33
1,756,33
1,757,33
1,2476,33
1,759,33
1,764,33
1,2477,33
1,767,33
1,1209,33
1,2104,33
1,770,33
1,2478,33
1,2479,33
1,2046,33
1,2105,33
1,2108,33
1,233,33
1,772,33
1,2250,33
1,1047,33
1,884,33
1,2048,33
1,782,33
1,792,33
1,2480,33
1,2481,33
1,2482,33
1,2483,33
1,2484,33
1,892,33
1,2485,33
1,816,33
1,487,34
1,290,34
1,462,34
1,3,34
1,502,34
1,504,34
1,463,34
1,539,34
1,303,34
1,12,34
1,13,34
1,560,34
1,561,34
1,568,34
1,466,34
1,467,34
1,469,34
1,16,34
1,604,34
1,308,34
1,31,34
1,32,34
1,322,34
1,495,35
1,596,35
1,231,35
1,2486,35
1,667,35
1,29,35
1,331,35
1,332,35
1,43,35
1,715,35
1,1771,35
1,343,35
1,62,35
1,344,35
1,77,35
1,1138,35
1,1106,35
1,2144,35
1,86,35
1,976,35
1,1468,35
1,1470,35
1,92,35
1,1484,35
1,96,35
1,363,35
1,102,35
1,232,35
1,372,35
1,118,35
1,1559,35
1,1140,35
1,2487,35
1,1593,35
1,393,35
1,1860,35
1,153,35
1,1001,35
1,2488,35
1,2489,35
1,2490,35
1,2491,35
1,1701,35
1,2492,35
1,2493,35
1,2402,35
1,2494,35
1,1016,35
1,2495,35
1,427,35
1,1804,35
1,1875,35
1,2496,35
1,754,35
1,2497,35
1,1838,35
1,2498,35
1,760,35
1,856,35
1,2499,35
1,463,36
1,464,36
1,531,36
1,12,36
1,587,36
1,15,36
1,16,36
1,231,36
1,599,36
1,470,36
1,18,36
1,19,36
1,472,36
1,24,36
1,31,36
1,32,36
1,33,36
1,37,36
1,1423,36
1,719,36
1,59,36
1,487,37
1,491,37
1,290,37
1,462,37
1,1400,37
1,3,37
1,504,37
1,519,37
1,6,37
1,463,37
1,7,37
1,464,37
1,530,37
1,9,37
1,532,37
1,1023,37
1,2423,37
1,549,37
1,303,37
1,11,37
1,556,37
1,13,37
1,561,37
1,2424,37
1,568,37
1,465,37
1,467,37
1,577,37
1,583,37
1,587,37
1,15,37
1,469,37
1,597,37
1,231,37
1,599,37
1,603,37
1,604,37
1,308,37
1,608,37
1,612,37
1,19,37
1,312,37
1,471,37
1,21,37
1,313,37
1,972,37
1,621,37
1,472,37
1,473,37
1,632,37
1,633,37
1,634,37
1,636,37
1,638,37
1,24,37
1,642,37
1,643,37
1,25,37
1,647,37
1,653,37
1,26,37
1,656,37
1,318,37
1,27,37
1,320,37
1,1419,37
1,29,37
1,1157,37
1,2500,37
1,827,37
1,321,37
1,31,37
1,32,37
1,33,37
1,322,37
1,480,37
1,36,37
1,40,37
1,291,38
1,2,38
1,3,38
1,14,38
1,15,38
1,471,38
1,24,38
1,321,38
1,478,38
1,32,38
1,33,38
1,479,38
1,34,38
1,35,38
1,1421,38
1,1096,38
1,1027,38
1,332,38
1,723,38
1,1773,38
1,51,38
1,2445,38
1,52,38
1,55,38
1,1134,38
1,59,38
1,61,38
1,64,38
1,65,38
1,66,38
1,67,38
1,68,38
1,69,38
1,1028,38
1,72,38
1,73,38
1,74,38
1,1451,38
1,75,38
1,1136,38
1,2081,38
1,82,38
1,84,38
1,1110,38
1,87,38
1,2145,38
1,88,38
1,2146,38
1,1474,38
1,92,38
1,93,38
1,96,38
1,1030,38
1,726,38
1,727,38
1,102,38
1,1168,38
1,1527,38
1,374,38
1,1535,38
1,114,38
1,115,38
1,380,38
1,1542,38
1,119,38
1,126,38
1,270,38
1,1034,38
1,1035,38
1,1566,38
1,135,38
1,140,38
1,2501,38
1,149,38
1,2468,38
1,157,38
1,163,38
1,165,38
1,166,38
1,397,38
1,177,38
1,178,38
1,400,38
1,183,38
1,2096,38
1,188,38
1,193,38
1,196,38
1,1117,38
1,2502,38
1,198,38
1,2195,38
1,1691,38
1,841,38
1,2493,38
1,1716,38
1,421,38
1,1755,38
1,227,38
1,428,38
1,459,39
1,491,39
1,492,39
1,290,39
1,496,39
1,258,39
1,460,39
1,971,39
1,500,39
1,1400,39
1,502,39
1,504,39
1,2503,39
1,518,39
1,1402,39
1,6,39
1,1093,39
1,2504,39
1,297,39
1,526,39
1,463,39
1,7,39
1,464,39
1,527,39
1,528,39
1,9,39
1,531,39
1,532,39
1,1026,39
1,1404,39
1,540,39
1,2505,39
1,2423,39
1,547,39
1,549,39
1,10,39
1,554,39
1,11,39
1,556,39
1,2506,39
1,558,39
1,12,39
1,13,39
1,560,39
1,568,39
1,570,39
1,306,39
1,467,39
1,574,39
1,2070,39
1,577,39
1,582,39
1,587,39
1,15,39
1,469,39
1,2507,39
1,2433,39
1,2434,39
1,593,39
1,595,39
1,16,39
1,597,39
1,231,39
1,598,39
1,599,39
1,600,39
1,603,39
1,604,39
1,470,39
1,608,39
1,311,39
1,610,39
1,20,39
1,471,39
1,21,39
1,619,39
1,972,39
1,472,39
1,625,39
1,473,39
1,2140,39
1,1155,39
1,632,39
1,633,39
1,634,39
1,636,39
1,638,39
1,24,39
1,650,39
1,318,39
1,2508,39
1,475,39
1,1419,39
1,30,39
1,2500,39
1,321,39
1,31,39
1,32,39
1,322,39
1,672,39
1,1421,39
1,673,39
1,2509,39
1,2,40
1,3,40
1,1093,40
1,302,40
1,584,40
1,588,40
1,15,40
1,19,40
1,312,40
1,472,40
1,1094,40
1,33,40
1,322,40
1,480,40
1,35,40
1,722,40
1,1159,40
1,335,40
1,723,40
1,863,40
1,61,40
1,64,40
1,1028,40
1,70,40
1,71,40
1,73,40
1,74,40
1,75,40
1,77,40
1,352,40
1,82,40
1,354,40
1,83,40
1,865,40
1,1484,40
1,1493,40
1,726,40
1,364,40
1,728,40
1,232,40
1,987,40
1,107,40
1,108,40
1,729,40
1,2090,40
1,1170,40
1,120,40
1,133,40
1,2039,40
1,143,40
1,390,40
1,146,40
1,165,40
1,731,40
1,177,40
1,399,40
1,1864,40
1,183,40
1,191,40
1,1182,40
1,413,40
1,2510,40
1,1700,40
1,420,40
1,218,40
1,739,40
1,1796,40
1,276,40
1,2511,40
1,430,40
1,1021,40
1,432,40
1,1042,40
1,435,40
1,438,40
1,443,40
1,2101,40
1,445,40
1,1190,40
1,744,40
1,1043,40
1,1194,40
1,1828,40
1,1124,40
1,2512,40
1,752,40
1,1125,40
1,1831,40
1,1834,40
1,869,40
1,1198,40
1,2476,40
1,762,40
1,763,40
1,764,40
1,765,40
1,1205,40
1,1146,40
1,1206,40
1,1208,40
1,875,40
1,770,40
1,2513,40
1,2046,40
1,2514,40
1,1147,40
1,233,40
1,2243,40
1,878,40
1,2515,40
1,882,40
1,1129,40
1,1047,40
1,2516,40
1,776,40
1,1226,40
1,2265,40
1,791,40
1,794,40
1,2517,40
1,2049,40
1,800,40
1,1890,40
1,892,40
1,2285,40
1,1891,40
1,812,40
1,2126,40
1,1245,40
1,897,40
1,1255,40
1,2310,40
1,898,40
1,1132,40
1,236,40
1,1051,40
1,825,40
1,2319,40
1,1052,40
1,899,40
1,1904,40
1,2056,40
1,2518,40
1,1269,40
1,902,40
1,1271,40
1,2519,40
1,1274,40
1,2058,40
1,903,40
1,2520,40
1,1278,40
1,1910,40
1,2521,40
1,1913,40
1,909,40
1,2130,40
1,2522,40
1,2063,40
1,1150,40
1,913,40
1,2523,40
1,2065,40
1,1292,40
1,239,40
1,915,40
1,1296,40
1,1059,40
1,919,40
1,2524,40
1,1301,40
1,243,40
1,245,40
1,1932,40
1,934,40
1,2525,40
1,2526,40
1,2131,40
1,2527,40
1,1329,40
1,941,40
1,2528,40
1,248,40
1,944,40
1,2529,40
1,2530,40
1,2531,40
1,250,40
1,2532,40
1,2533,40
1,2132,40
1,2534,40
1,1351,40
1,1974,40
1,1975,40
1,961,40
1,2535,40
1,2536,40
1,1357,40
1,2537,40
1,253,40
1,1076,40
1,1078,40
1,2538,40
1,255,40
1,2539,40
1,1364,40
1,256,40
1,1081,40
1,2540,40
1,2541,40
1,2018,40
1,2542,40
1,2020,40
1,1372,40
1,970,40
1,1379,40
1,0,41
1,484,41
1,486,41
1,487,41
1,490,41
1,492,41
1,290,41
1,493,41
1,2,41
1,3,41
1,509,41
1,515,41
1,518,41
1,6,41
1,2543,41
1,522,41
1,524,41
1,2544,41
1,463,41
1,464,41
1,530,41
1,9,41
1,531,41
1,532,41
1,1404,41
1,539,41
1,540,41
1,1023,41
1,543,41
1,11,41
1,557,41
1,2545,41
1,12,41
1,559,41
1,560,41
1,568,41
1,465,41
1,571,41
1,14,41
1,579,41
1,584,41
1,587,41
1,15,41
1,590,41
1,16,41
1,231,41
1,17,41
1,470,41
1,18,41
1,608,41
1,610,41
1,19,41
1,615,41
1,616,41
1,471,41
1,313,41
1,1409,41
1,1410,41
1,472,41
1,623,41
1,625,41
1,2546,41
1,473,41
1,2547,41
1,1412,41
1,628,41
1,2548,41
1,1413,41
1,2549,41
1,632,41
1,2550,41
1,633,41
1,2551,41
1,1156,41
1,24,41
1,2552,41
1,642,41
1,643,41
1,647,41
1,1416,41
1,649,41
1,2169,41
1,318,41
1,659,41
1,660,41
1,27,41
1,664,41
1,667,41
1,2553,41
1,29,41
1,30,41
1,1157,41
1,827,41
1,31,41
1,32,41
1,33,41
1,480,41
1,2413,41
1,674,41
1,2554,41
1,259,41
1,36,41
1,324,41
1,39,41
1,41,41
1,2555,41
1,1025,41
1,1429,41
1,1430,41
1,2443,41
1,1027,41
1,707,41
1,334,41
1,723,41
1,715,41
1,1160,41
1,1447,41
1,2445,41
1,1134,41
1,56,41
1,58,41
1,719,41
1,341,41
1,863,41
1,61,41
1,62,41
1,264,41
1,344,41
1,64,41
1,975,41
1,724,41
1,265,41
1,65,41
1,2556,41
1,67,41
1,68,41
1,72,41
1,73,41
1,1136,41
1,77,41
1,2415,41
1,1164,41
1,725,41
1,83,41
1,355,41
1,84,41
1,1455,41
1,268,41
1,865,41
1,1461,41
1,2557,41
1,977,41
1,1469,41
1,1166,41
1,1471,41
1,1472,41
1,360,41
1,2419,41
1,2558,41
1,2559,41
1,1480,41
1,1481,41
1,362,41
1,2560,41
1,1482,41
1,2452,41
1,1483,41
1,1484,41
1,2561,41
1,1486,41
1,96,41
1,2562,41
1,97,41
1,98,41
1,99,41
1,100,41
1,363,41
1,983,41
1,727,41
1,1499,41
1,102,41
1,1007,41
1,104,41
1,364,41
1,105,41
1,1500,41
1,1031,41
1,1503,41
1,2563,41
1,2459,41
1,2460,41
1,833,41
1,728,41
1,985,41
1,1508,41
1,232,41
1,1513,41
1,2564,41
1,1168,41
1,729,41
1,111,41
1,1520,41
1,2565,41
1,1523,41
1,2566,41
1,995,41
1,370,41
1,372,41
1,1531,41
1,990,41
1,377,41
1,1170,41
1,380,41
1,2567,41
1,2568,41
1,116,41
1,1033,41
1,991,41
1,835,41
1,836,41
1,120,41
1,1034,41
1,129,41
1,997,41
1,132,41
1,1564,41
1,133,41
1,1571,41
1,2569,41
1,2570,41
1,1575,41
1,1140,41
1,2571,41
1,1587,41
1,143,41
1,1036,41
1,1592,41
1,2572,41
1,1593,41
1,2573,41
1,2151,41
1,146,41
1,1598,41
1,2574,41
1,148,41
1,1601,41
1,1602,41
1,1603,41
1,1605,41
1,1860,41
1,2575,41
1,153,41
1,1609,41
1,1611,41
1,1176,41
1,998,41
1,1613,41
1,272,41
1,155,41
1,2576,41
1,159,41
1,1114,41
1,160,41
1,2577,41
1,2578,41
1,161,41
1,2579,41
1,1626,41
1,1009,41
1,2580,41
1,165,41
1,2581,41
1,166,41
1,1001,41
1,2582,41
1,1631,41
1,170,41
1,172,41
1,731,41
1,398,41
1,732,41
1,1002,41
1,178,41
1,2583,41
1,1178,41
1,1115,41
1,399,41
1,2584,41
1,179,41
1,1645,41
1,1864,41
1,2488,41
1,1647,41
1,401,41
1,402,41
1,2585,41
1,403,41
1,2586,41
1,2587,41
1,1652,41
1,2588,41
1,2589,41
1,2590,41
1,2591,41
1,2472,41
1,2592,41
1,2593,41
1,2188,41
1,1666,41
1,1179,41
1,191,41
1,1668,41
1,193,41
1,1865,41
1,1866,41
1,196,41
1,1670,41
1,197,41
1,199,41
1,1683,41
1,2594,41
1,2191,41
1,1685,41
1,1686,41
1,2595,41
1,2596,41
1,1688,41
1,840,41
1,204,41
1,2597,41
1,2598,41
1,2599,41
1,275,41
1,206,41
1,1695,41
1,2199,41
1,207,41
1,1696,41
1,416,41
1,2200,41
1,1183,41
1,2600,41
1,2601,41
1,1142,41
1,1698,41
1,1699,41
1,2602,41
1,1700,41
1,1702,41
1,2603,41
1,1705,41
1,1707,41
1,1709,41
1,420,41
1,1789,41
1,212,41
1,213,41
1,214,41
1,421,41
1,2604,41
1,1730,41
1,217,41
1,1732,41
1,1040,41
1,2605,41
1,218,41
1,219,41
1,2606,41
1,1745,41
1,2607,41
1,2608,41
1,1014,41
1,1756,41
1,1015,41
1,1794,41
1,2609,41
1,2161,41
1,227,41
1,2610,41
1,2611,41
1,2495,41
1,738,41
1,866,41
1,2612,41
1,1796,41
1,2511,41
1,740,41
1,2208,41
1,2613,41
1,431,41
1,1873,41
1,1189,41
1,2614,41
1,742,41
1,1042,41
1,435,41
1,438,41
1,1874,41
1,2615,41
1,2616,41
1,2617,41
1,2618,41
1,1875,41
1,2619,41
1,2620,41
1,2621,41
1,2622,41
1,2623,41
1,1190,41
1,2624,41
1,2625,41
1,2626,41
1,2627,41
1,2628,41
1,2629,41
1,2630,41
1,2631,41
1,2632,41
1,2633,41
1,1815,41
1,2634,41
1,2635,41
1,2636,41
1,2637,41
1,2638,41
1,2639,41
1,1876,41
1,2640,41
1,2641,41
1,2642,41
1,1877,41
1,2643,41
1,2644,41
1,2645,41
1,1878,41
1,2646,41
1,2647,41
1,2648,41
1,2649,41
1,2650,41
1,459,42
1,0,42
1,483,42
1,484,42
1,485,42
1,486,42
1,487,42
1,2163,42
1,2068,42
1,460,42
1,2,42
1,1400,42
1,2651,42
1,502,42
1,508,42
1,515,42
1,517,42
1,1402,42
1,6,42
1,463,42
1,464,42
1,527,42
1,530,42
1,531,42
1,532,42
1,1404,42
1,534,42
1,539,42
1,1023,42
1,549,42
1,553,42
1,557,42
1,12,42
1,560,42
1,2139,42
1,465,42
1,570,42
1,2652,42
1,466,42
1,573,42
1,576,42
1,579,42
1,580,42
1,584,42
1,587,42
1,15,42
1,469,42
1,16,42
1,597,42
1,231,42
1,1406,42
1,599,42
1,604,42
1,606,42
1,470,42
1,18,42
1,608,42
1,311,42
1,612,42
1,19,42
1,20,42
1,471,42
1,21,42
1,620,42
1,621,42
1,472,42
1,624,42
1,473,42
1,2547,42
1,630,42
1,1413,42
1,632,42
1,633,42
1,634,42
1,1156,42
1,638,42
1,24,42
1,25,42
1,2653,42
1,26,42
1,654,42
1,2654,42
1,659,42
1,661,42
1,320,42
1,665,42
1,29,42
1,30,42
1,669,42
1,670,42
1,321,42
1,478,42
1,31,42
1,32,42
1,479,42
1,322,42
1,34,42
1,480,42
1,672,42
1,1421,42
1,673,42
1,675,42
1,36,42
1,37,42
1,686,42
1,692,42
1,1430,42
1,1432,42
1,2655,42
1,720,42
1,59,42
1,342,42
1,2656,42
1,1165,42
1,459,43
1,0,43
1,1,43
1,1399,43
1,2657,43
1,461,43
1,505,43
1,506,43
1,2431,43
1,515,43
1,518,43
1,520,43
1,522,43
1,524,43
1,14,43
1,652,43
1,2412,43
1,36,43
1,37,43
1,2658,43
1,679,43
1,38,43
1,39,43
1,40,43
1,2659,43
1,41,43
1,1429,43
1,2426,43
1,1431,43
1,2443,43
1,2660,43
1,2661,43
1,703,43
1,262,43
1,705,43
1,2662,43
1,710,43
1,2173,43
1,72,43
1,360,43
1,2419,43
1,994,43
1,2428,43
1,2452,43
1,97,43
1,1167,43
1,98,43
1,1008,43
1,459,44
1,483,44
1,1,44
1,484,44
1,487,44
1,492,44
1,290,44
1,291,44
1,462,44
1,3,44
1,504,44
1,505,44
1,2663,44
1,4,44
1,511,44
1,518,44
1,1402,44
1,6,44
1,520,44
1,463,44
1,531,44
1,1026,44
1,1404,44
1,537,44
1,539,44
1,540,44
1,10,44
1,11,44
1,12,44
1,565,44
1,568,44
1,14,44
1,466,44
1,587,44
1,15,44
1,16,44
1,597,44
1,599,44
1,17,44
1,1408,44
1,470,44
1,19,44
1,312,44
1,20,44
1,471,44
1,21,44
1,313,44
1,618,44
1,472,44
1,2547,44
1,634,44
1,636,44
1,23,44
1,24,44
1,642,44
1,474,44
1,25,44
1,26,44
1,659,44
1,1094,44
1,28,44
1,666,44
1,1419,44
1,29,44
1,668,44
1,827,44
1,670,44
1,321,44
1,478,44
1,31,44
1,33,44
1,479,44
1,322,44
1,480,44
1,2554,44
1,36,44
1,1423,44
1,39,44
1,690,44
1,1159,44
1,41,44
1,692,44
1,1025,44
1,1429,44
1,1430,44
1,1434,44
1,262,44
1,705,44
1,1027,44
1,1437,44
1,43,44
1,723,44
1,2664,44
1,2665,44
1,1160,44
1,1447,44
1,862,44
1,52,44
1,2666,44
1,1774,44
1,1134,44
1,831,44
1,56,44
1,1161,44
1,58,44
1,59,44
1,60,44
1,64,44
1,724,44
1,65,44
1,66,44
1,67,44
1,68,44
1,69,44
1,72,44
1,73,44
1,1136,44
1,352,44
1,80,44
1,2396,44
1,725,44
1,82,44
1,354,44
1,83,44
1,84,44
1,87,44
1,1455,44
1,88,44
1,268,44
1,865,44
1,1165,44
1,1467,44
1,977,44
1,269,44
1,1468,44
1,1166,44
1,1139,44
1,1470,44
1,91,44
1,2667,44
1,360,44
1,2419,44
1,92,44
1,1475,44
1,2558,44
1,2668,44
1,1480,44
1,2452,44
1,1484,44
1,96,44
1,97,44
1,1030,44
1,1492,44
1,1493,44
1,99,44
1,100,44
1,726,44
1,1496,44
1,983,44
1,727,44
1,2669,44
1,1008,44
1,364,44
1,2670,44
1,1031,44
1,106,44
1,728,44
1,1507,44
1,232,44
1,987,44
1,1168,44
1,107,44
1,2671,44
1,2672,44
1,108,44
1,729,44
1,1527,44
1,2673,44
1,2674,44
1,370,44
1,1032,44
1,1535,44
1,377,44
1,2675,44
1,1170,44
1,380,44
1,117,44
1,1776,44
1,835,44
1,118,44
1,2182,44
1,120,44
1,2676,44
1,122,44
1,1555,44
1,2677,44
1,126,44
1,270,44
1,1034,44
1,1559,44
1,1778,44
1,1779,44
1,129,44
1,130,44
1,132,44
1,2678,44
1,1563,44
1,133,44
1,2679,44
1,1570,44
1,140,44
1,2680,44
1,2183,44
1,143,44
1,1593,44
1,2151,44
1,390,44
1,146,44
1,1600,44
1,1608,44
1,1609,44
1,2681,44
1,158,44
1,999,44
1,160,44
1,2470,44
1,161,44
1,2682,44
1,162,44
1,1009,44
1,165,44
1,166,44
1,2582,44
1,1631,44
1,1632,44
1,168,44
1,170,44
1,176,44
1,1638,44
1,398,44
1,1639,44
1,1002,44
1,178,44
1,1178,44
1,1115,44
1,1642,44
1,399,44
1,179,44
1,2683,44
1,2684,44
1,1647,44
1,400,44
1,401,44
1,2585,44
1,403,44
1,181,44
1,1652,44
1,2187,44
1,183,44
1,2592,44
1,1666,44
1,186,44
1,1179,44
1,187,44
1,188,44
1,191,44
1,192,44
1,193,44
1,196,44
1,2685,44
1,197,44
1,199,44
1,1683,44
1,1684,44
1,735,44
1,202,44
1,414,44
1,204,44
1,2597,44
1,2686,44
1,205,44
1,206,44
1,1695,44
1,2687,44
1,207,44
1,1696,44
1,416,44
1,1697,44
1,2688,44
1,1699,44
1,2491,44
1,208,44
1,2689,44
1,2510,44
1,2602,44
1,1700,44
1,2204,44
1,2690,44
1,1707,44
1,1709,44
1,1711,44
1,420,44
1,1717,44
1,210,44
1,421,44
1,1725,44
1,216,44
1,1039,44
1,1732,44
1,1733,44
1,1791,44
1,2605,44
1,1041,44
1,1792,44
1,218,44
1,219,44
1,1014,44
1,1756,44
1,1015,44
1,227,44
1,1016,44
1,427,44
1,428,44
1,1797,44
1,430,44
1,1021,44
1,1802,44
1,1042,44
1,437,44
1,438,44
1,2691,44
1,1812,44
1,744,44
1,449,44
1,1816,44
1,2692,44
1,2646,44
1,1821,44
1,1822,44
1,1823,44
1,751,44
1,456,44
1,1830,44
1,2693,44
1,2694,44
1,752,44
1,2695,44
1,1831,44
1,2403,44
1,753,44
1,1836,44
1,2696,44
1,755,44
1,2697,44
1,2698,44
1,2699,44
1,2700,44
1,1842,44
1,756,44
1,757,44
1,1198,44
1,758,44
1,847,44
1,2701,44
1,761,44
1,2702,44
1,2703,44
1,2704,44
1,2705,44
1,2706,44
1,870,44
1,1848,44
1,765,44
1,1206,44
1,767,44
1,768,44
1,1208,44
1,875,44
1,770,44
1,2515,44
1,2707,44
1,778,44
1,781,44
1,782,44
1,783,44
1,1238,44
1,893,44
1,808,44
1,2708,44
1,894,44
1,1052,44
1,2324,44
1,1905,44
1,1263,44
1,1906,44
1,2709,44
1,1268,44
1,1269,44
1,902,44
1,459,45
1,486,45
1,291,45
1,462,45
1,3,45
1,6,45
1,1093,45
1,464,45
1,529,45
1,530,45
1,531,45
1,1404,45
1,539,45
1,549,45
1,557,45
1,12,45
1,560,45
1,465,45
1,467,45
1,583,45
1,584,45
1,587,45
1,469,45
1,596,45
1,16,45
1,231,45
1,604,45
1,470,45
1,18,45
1,471,45
1,21,45
1,472,45
1,632,45
1,633,45
1,634,45
1,638,45
1,24,45
1,321,45
1,31,45
1,32,45
1,33,45
1,322,45
1,258,46
1,2,46
1,504,46
1,524,46
1,2164,46
1,463,46
1,231,46
1,19,46
1,2710,46
1,26,46
1,656,46
1,320,46
1,670,46
1,31,46
1,33,46
1,480,46
1,1425,46
1,1447,46
1,863,46
1,64,46
1,350,46
1,354,46
1,83,46
1,2419,46
1,100,46
1,987,46
1,1170,46
1,380,46
1,120,46
1,2711,46
1,1571,46
1,145,46
1,1609,46
1,1176,46
1,731,46
1,400,46
1,181,46
1,2188,46
1,2712,46
1,191,46
1,202,46
1,416,46
1,420,46
1,2713,46
1,276,46
1,2714,46
1,742,46
1,1042,46
1,2715,46
1,2639,46
1,1824,46
1,1124,46
1,2716,46
1,1834,46
1,2717,46
1,1840,46
1,1201,46
1,1202,46
1,871,46
1,765,46
1,766,46
1,873,46
1,1208,46
1,2718,46
1,1147,46
1,2719,46
1,2047,46
1,887,46
1,793,46
1,2720,46
1,2049,46
1,890,46
1,1236,46
1,800,46
1,892,46
1,2285,46
1,896,46
1,2721,46
1,898,46
1,2722,46
1,2315,46
1,824,46
1,2319,46
1,826,46
1,2723,46
1,2724,46
1,1271,46
1,2346,46
1,2521,46
1,1915,46
1,2725,46
1,2726,46
1,1296,46
1,2727,46
1,2728,46
1,1921,46
1,926,46
1,2729,46
1,1152,46
1,1932,46
1,1153,46
1,2730,46
1,1063,46
1,1939,46
1,942,46
1,249,46
1,2731,46
1,1952,46
1,2732,46
1,2531,46
1,2733,46
1,952,46
1,2734,46
1,2533,46
1,1072,46
1,1073,46
1,2735,46
1,251,46
1,2736,46
1,2536,46
1,1357,46
1,253,46
1,1076,46
1,2737,46
1,2738,46
1,2739,46
1,2740,46
1,1372,46
1,2741,46
1,2742,46
1,2743,46
1,2744,46
1,2745,46
1,1378,46
1,2746,46
1,1090,46
1,1387,46
1,2747,46
1,2748,46
1,2749,46
1,1400,47
1,532,47
1,1026,47
1,1158,47
1,41,47
1,1101,47
1,2750,47
1,1165,47
1,1484,47
1,1030,47
1,100,47
1,726,47
1,104,47
1,1031,47
1,1509,47
1,1034,47
1,133,47
1,1140,47
1,148,47
1,165,47
1,169,47
1,403,47
1,181,47
1,737,47
1,227,47
1,751,47
1,756,47
1,758,47
1,2751,47
1,1203,47
1,767,47
1,2752,47
1,782,47
1,6,48
1,231,48
1,19,48
1,27,48
1,64,48
1,1028,48
1,74,48
1,120,48
1,165,48
1,1042,48
1,755,48
1,875,48
1,898,48
1,1060,48
1,931,48
1,243,48
1,954,48
1,252,48
1,1368,48
1,1372,48
1,1392,48
1,459,0
